incident_id,user_id,agent_id,opened_at,resolved_at,category,severity,reopened
1,1183,5,2026-01-01 12:55:00,2026-01-03 08:35:00,Login / MFA,P4,0
2,1357,2,2026-01-01 12:42:00,2026-01-01 19:14:00,Access Request,P3,0
3,1001,1,2026-01-01 16:31:00,2026-01-01 19:53:00,Access Request,P2,0
4,1004,1,2026-01-01 13:53:00,2026-01-01 18:23:00,Login / MFA,P3,0
5,1223,3,2026-01-01 11:39:00,2026-01-02 07:37:00,Email,P3,1
6,1133,8,2026-01-01 12:22:00,2026-01-02 04:33:00,VPN,P3,0
7,1176,9,2026-01-01 15:38:00,2026-01-05 05:31:00,Software,P4,1
8,1229,9,2026-01-01 12:57:00,2026-01-03 07:18:00,Software,P3,0
9,1012,3,2026-01-01 16:09:00,2026-01-02 14:04:00,Access Request,P4,0
10,1430,6,2026-01-01 16:35:00,2026-01-01 23:29:00,Laptop / Hardware,P3,0
11,1289,4,2026-01-01 10:45:00,2026-01-01 21:29:00,Login / MFA,P3,0
12,1047,9,2026-01-01 09:18:00,2026-01-03 08:54:00,Software,P4,0
13,1329,3,2026-01-01 12:20:00,2026-01-02 15:46:00,Login / MFA,P4,0
14,1229,10,2026-01-01 16:16:00,2026-01-03 01:24:00,Software,P3,0
15,1293,8,2026-01-01 12:07:00,2026-01-02 13:13:00,Laptop / Hardware,P2,0
16,1328,8,2026-01-01 17:50:00,2026-01-02 10:30:00,Laptop / Hardware,P4,0
17,1434,4,2026-01-01 15:07:00,2026-01-02 04:24:00,Login / MFA,P3,0
18,1368,4,2026-01-02 12:15:00,2026-01-04 00:53:00,Login / MFA,P4,0
19,1194,4,2026-01-02 09:45:00,2026-01-02 14:06:00,Email,P3,0
20,1002,9,2026-01-02 14:25:00,2026-01-03 19:57:00,Software,P4,0
21,1125,6,2026-01-02 10:34:00,2026-01-04 13:41:00,Laptop / Hardware,P4,0
22,1245,10,2026-01-02 08:54:00,2026-01-03 03:27:00,Software,P3,0
23,1418,5,2026-01-02 17:13:00,2026-01-02 21:32:00,Login / MFA,P2,0
24,1257,1,2026-01-02 11:42:00,2026-01-02 17:14:00,Access Request,P3,0
25,1131,3,2026-01-02 13:19:00,2026-01-03 04:30:00,Email,P3,0
26,1436,6,2026-01-02 17:21:00,2026-01-03 16:18:00,Laptop / Hardware,P3,0
27,1176,10,2026-01-02 08:07:00,2026-01-02 15:51:00,Software,P3,0
28,1095,7,2026-01-02 08:54:00,2026-01-02 17:41:00,Network Outage,P2,1
29,1236,7,2026-01-02 13:38:00,2026-01-04 21:39:00,VPN,P4,0
30,1149,10,2026-01-02 09:24:00,2026-01-02 17:26:00,Software,P2,1
31,1054,2,2026-01-02 12:15:00,2026-01-03 08:35:00,Login / MFA,P3,0
32,1305,5,2026-01-02 13:25:00,2026-01-03 09:50:00,Access Request,P3,0
33,1295,7,2026-01-02 16:58:00,2026-01-03 22:49:00,VPN,P3,0
34,1428,7,2026-01-02 08:12:00,2026-01-03 03:27:00,VPN,P3,0
35,1144,2,2026-01-05 15:37:00,2026-01-06 13:43:00,Email,P4,0
36,1388,7,2026-01-05 14:29:00,2026-01-08 05:30:00,VPN,P4,0
37,1140,3,2026-01-05 10:41:00,2026-01-05 15:33:00,Email,P3,0
38,1439,2,2026-01-05 17:48:00,2026-01-07 15:48:00,Printer,P4,0
39,1357,1,2026-01-05 14:24:00,2026-01-05 20:14:00,Printer,P2,0
40,1368,8,2026-01-05 14:02:00,2026-01-06 11:38:00,VPN,P4,0
41,1095,7,2026-01-05 16:13:00,2026-01-07 05:51:00,VPN,P3,0
42,1095,6,2026-01-05 16:21:00,2026-01-05 19:22:00,Laptop / Hardware,P1,0
43,1335,8,2026-01-05 17:41:00,2026-01-06 12:29:00,VPN,P3,0
44,1358,4,2026-01-05 10:52:00,2026-01-05 22:12:00,Email,P3,1
45,1095,6,2026-01-05 13:46:00,2026-01-06 10:59:00,VPN,P3,0
46,1089,9,2026-01-05 11:04:00,2026-01-08 00:37:00,Software,P4,1
47,1107,10,2026-01-05 12:26:00,2026-01-05 23:55:00,Software,P3,0
48,1064,6,2026-01-05 13:58:00,2026-01-06 23:13:00,VPN,P4,0
49,1191,7,2026-01-05 13:46:00,2026-01-15 00:53:00,Laptop / Hardware,P4,0
50,1214,8,2026-01-05 17:00:00,2026-01-08 12:13:00,VPN,P4,0
51,1262,6,2026-01-05 12:50:00,2026-01-07 03:15:00,VPN,P3,0
52,1022,8,2026-01-05 11:11:00,2026-01-06 08:26:00,VPN,P3,0
53,1086,3,2026-01-05 15:17:00,2026-01-05 15:41:00,Email,P1,0
54,1056,9,2026-01-05 15:35:00,2026-01-06 01:31:00,Software,P3,0
55,1122,2,2026-01-05 09:16:00,2026-01-05 22:25:00,Access Request,P3,0
56,1084,7,2026-01-05 16:25:00,2026-01-06 07:32:00,VPN,P3,0
57,1413,1,2026-01-05 09:24:00,2026-01-05 19:39:00,Login / MFA,P3,0
58,1164,3,2026-01-05 17:29:00,2026-01-06 15:55:00,Login / MFA,P3,0
59,1064,7,2026-01-05 11:40:00,2026-01-05 22:53:00,VPN,P2,0
60,1316,5,2026-01-06 14:57:00,2026-01-07 01:39:00,Access Request,P3,1
61,1339,9,2026-01-06 15:14:00,2026-01-06 18:48:00,Software,P2,0
62,1061,4,2026-01-06 09:52:00,2026-01-06 20:17:00,Email,P3,0
63,1335,1,2026-01-06 08:13:00,2026-01-06 09:28:00,Email,P2,0
64,1417,10,2026-01-06 14:34:00,2026-01-07 01:26:00,Software,P3,0
65,1242,3,2026-01-06 17:05:00,2026-01-07 00:26:00,Access Request,P3,0
66,1269,8,2026-01-06 10:22:00,2026-01-07 08:31:00,Network Outage,P3,0
67,1141,8,2026-01-06 08:08:00,2026-01-06 14:58:00,Network Outage,P2,0
68,1077,3,2026-01-06 17:30:00,2026-01-07 05:26:00,Access Request,P3,0
69,1331,2,2026-01-06 13:59:00,2026-01-06 20:07:00,Login / MFA,P3,0
70,1357,6,2026-01-06 16:08:00,2026-01-07 03:58:00,VPN,P3,0
71,1089,7,2026-01-06 08:56:00,2026-01-07 05:57:00,Network Outage,P3,0
72,1055,8,2026-01-06 10:15:00,2026-01-06 14:39:00,VPN,P2,0
73,1152,3,2026-01-06 13:09:00,2026-01-08 12:28:00,Login / MFA,P3,1
74,1262,5,2026-01-06 10:46:00,2026-01-06 23:00:00,Access Request,P4,0
75,1160,7,2026-01-06 12:55:00,2026-01-10 16:17:00,Laptop / Hardware,P4,0
76,1427,4,2026-01-06 13:46:00,2026-01-07 00:05:00,Email,P3,0
77,1347,7,2026-01-06 16:26:00,2026-01-14 07:45:00,VPN,P4,1
78,1004,1,2026-01-07 16:03:00,2026-01-08 18:21:00,Access Request,P4,0
79,1175,9,2026-01-07 11:59:00,2026-01-07 17:22:00,Software,P3,0
80,1302,7,2026-01-07 17:08:00,2026-01-08 16:23:00,VPN,P4,0
81,1157,5,2026-01-07 11:45:00,2026-01-07 21:46:00,Access Request,P3,0
82,1353,7,2026-01-07 17:06:00,2026-01-08 20:37:00,VPN,P3,0
83,1396,8,2026-01-07 17:41:00,2026-01-08 13:54:00,VPN,P2,0
84,1064,7,2026-01-07 16:14:00,2026-01-08 01:17:00,Laptop / Hardware,P1,0
85,1294,3,2026-01-07 17:01:00,2026-01-09 01:41:00,Access Request,P4,0
86,1164,8,2026-01-07 11:39:00,2026-01-12 17:23:00,VPN,P4,0
87,1077,6,2026-01-07 17:18:00,2026-01-08 01:29:00,VPN,P2,0
88,1149,8,2026-01-07 17:05:00,2026-01-07 23:17:00,Laptop / Hardware,P3,0
89,1209,7,2026-01-07 15:53:00,2026-01-09 15:06:00,Laptop / Hardware,P4,0
90,1284,7,2026-01-08 09:16:00,2026-01-10 11:27:00,VPN,P3,0
91,1242,4,2026-01-08 12:35:00,2026-01-08 23:09:00,Login / MFA,P3,0
92,1130,10,2026-01-08 13:13:00,2026-01-09 17:43:00,Software,P3,0
93,1003,6,2026-01-08 09:40:00,2026-01-08 11:23:00,Network Outage,P1,0
94,1413,2,2026-01-08 09:52:00,2026-01-09 00:25:00,Login / MFA,P3,0
95,1059,9,2026-01-08 14:21:00,2026-01-09 21:40:00,Software,P4,0
96,1146,4,2026-01-08 08:03:00,2026-01-08 12:23:00,Email,P2,0
97,1006,7,2026-01-08 09:21:00,2026-01-08 11:31:00,Network Outage,P2,0
98,1172,2,2026-01-08 14:03:00,2026-01-09 06:01:00,Login / MFA,P3,0
99,1181,6,2026-01-08 14:07:00,2026-01-09 08:40:00,Laptop / Hardware,P3,0
100,1224,8,2026-01-08 14:52:00,2026-01-09 15:46:00,Laptop / Hardware,P4,0
101,1145,6,2026-01-08 17:35:00,2026-01-10 12:08:00,VPN,P3,0
102,1113,7,2026-01-08 09:40:00,2026-01-08 13:42:00,Network Outage,P1,0
103,1341,3,2026-01-08 10:02:00,2026-01-08 16:44:00,Printer,P3,0
104,1368,7,2026-01-09 14:57:00,2026-01-10 03:12:00,VPN,P3,0
105,1240,3,2026-01-09 16:08:00,2026-01-10 02:29:00,Login / MFA,P3,0
106,1175,6,2026-01-09 09:18:00,2026-01-09 19:31:00,Laptop / Hardware,P2,0
107,1272,2,2026-01-09 09:35:00,2026-01-09 21:36:00,Login / MFA,P3,0
108,1428,3,2026-01-09 08:01:00,2026-01-09 23:53:00,Printer,P4,0
109,1242,7,2026-01-09 13:21:00,2026-01-13 11:10:00,VPN,P3,0
110,1341,9,2026-01-09 13:24:00,2026-01-10 05:23:00,Software,P3,0
111,1388,6,2026-01-09 13:30:00,2026-01-10 05:43:00,Laptop / Hardware,P3,0
112,1335,4,2026-01-09 17:06:00,2026-01-10 05:17:00,Email,P3,0
113,1214,9,2026-01-09 16:22:00,2026-01-10 04:50:00,Software,P3,0
114,1336,5,2026-01-12 14:20:00,2026-01-12 22:35:00,Login / MFA,P2,0
115,1036,8,2026-01-12 14:07:00,2026-01-13 17:29:00,Laptop / Hardware,P3,0
116,1224,1,2026-01-12 16:18:00,2026-01-12 23:47:00,Login / MFA,P3,0
117,1436,7,2026-01-12 12:23:00,2026-01-13 18:55:00,Laptop / Hardware,P3,0
118,1111,6,2026-01-12 13:03:00,2026-01-14 18:24:00,Laptop / Hardware,P4,0
119,1057,1,2026-01-12 16:02:00,2026-01-12 23:44:00,Access Request,P3,0
120,1136,6,2026-01-12 14:05:00,2026-01-13 13:10:00,Laptop / Hardware,P3,0
121,1148,7,2026-01-12 14:47:00,2026-01-13 09:42:00,VPN,P3,0
122,1134,8,2026-01-12 10:51:00,2026-01-13 01:29:00,Laptop / Hardware,P2,0
123,1195,6,2026-01-12 17:34:00,2026-01-14 11:47:00,VPN,P4,1
124,1357,10,2026-01-12 08:29:00,2026-01-13 01:46:00,Software,P3,0
125,1215,8,2026-01-12 17:31:00,2026-01-14 04:37:00,Laptop / Hardware,P4,0
126,1242,6,2026-01-12 13:41:00,2026-01-13 11:17:00,Laptop / Hardware,P3,0
127,1296,9,2026-01-13 10:44:00,2026-01-14 13:13:00,Software,P2,0
128,1078,9,2026-01-13 14:29:00,2026-01-15 04:37:00,Software,P4,0
129,1420,6,2026-01-13 11:08:00,2026-01-15 06:22:00,VPN,P3,0
130,1111,1,2026-01-13 15:05:00,2026-01-14 11:05:00,Login / MFA,P4,0
131,1279,7,2026-01-13 12:43:00,2026-01-13 22:49:00,VPN,P2,0
132,1289,9,2026-01-13 15:30:00,2026-01-14 01:08:00,Software,P3,0
133,1389,7,2026-01-13 11:34:00,2026-01-14 22:27:00,Laptop / Hardware,P3,0
134,1272,6,2026-01-13 16:33:00,2026-01-15 06:18:00,Laptop / Hardware,P4,0
135,1430,5,2026-01-13 10:56:00,2026-01-14 15:25:00,Email,P4,0
136,1024,8,2026-01-13 09:22:00,2026-01-16 00:22:00,VPN,P3,0
137,1010,7,2026-01-13 08:51:00,2026-01-13 11:01:00,Network Outage,P1,1
138,1086,5,2026-01-13 13:07:00,2026-01-13 14:09:00,Email,P1,0
139,1236,8,2026-01-13 10:01:00,2026-01-15 01:59:00,Laptop / Hardware,P3,0
140,1223,1,2026-01-14 11:32:00,2026-01-15 08:29:00,Login / MFA,P3,0
141,1197,2,2026-01-14 14:56:00,2026-01-15 00:37:00,Access Request,P2,0
142,1355,6,2026-01-14 16:00:00,2026-01-15 16:15:00,Laptop / Hardware,P3,0
143,1211,4,2026-01-14 08:36:00,2026-01-14 11:39:00,Login / MFA,P2,0
144,1221,10,2026-01-14 17:30:00,2026-01-15 06:30:00,Software,P4,0
145,1296,10,2026-01-14 13:50:00,2026-01-15 08:28:00,Software,P4,1
146,1368,5,2026-01-14 08:03:00,2026-01-15 13:03:00,Login / MFA,P4,1
147,1241,3,2026-01-14 09:44:00,2026-01-15 04:45:00,Login / MFA,P3,1
148,1010,4,2026-01-14 14:21:00,2026-01-15 13:15:00,Access Request,P3,0
149,1204,8,2026-01-14 12:38:00,2026-01-14 15:10:00,Laptop / Hardware,P1,0
150,1430,7,2026-01-15 15:38:00,2026-01-16 05:36:00,Laptop / Hardware,P3,0
151,1086,1,2026-01-15 11:55:00,2026-01-16 14:02:00,Login / MFA,P3,0
152,1374,7,2026-01-15 17:16:00,2026-01-18 06:16:00,VPN,P4,0
153,1252,3,2026-01-15 09:51:00,2026-01-16 00:51:00,Printer,P3,0
154,1052,1,2026-01-15 16:12:00,2026-01-15 19:19:00,Access Request,P2,0
155,1004,10,2026-01-15 15:20:00,2026-01-16 11:07:00,Software,P4,0
156,1386,2,2026-01-15 09:16:00,2026-01-16 01:36:00,Access Request,P3,0
157,1104,7,2026-01-15 10:33:00,2026-01-16 06:15:00,VPN,P3,0
158,1055,5,2026-01-15 16:09:00,2026-01-16 12:19:00,Login / MFA,P3,0
159,1269,7,2026-01-15 11:27:00,2026-01-15 23:57:00,VPN,P3,0
160,1298,9,2026-01-15 15:19:00,2026-01-16 21:43:00,Software,P3,0
161,1388,3,2026-01-15 15:09:00,2026-01-15 23:35:00,Email,P3,0
162,1214,6,2026-01-15 14:14:00,2026-01-16 11:23:00,Laptop / Hardware,P4,0
163,1095,7,2026-01-16 15:16:00,2026-01-16 22:04:00,VPN,P2,0
164,1335,9,2026-01-16 08:28:00,2026-01-16 23:40:00,Software,P3,0
165,1130,9,2026-01-16 14:02:00,2026-01-16 22:54:00,Software,P3,0
166,1229,4,2026-01-16 11:00:00,2026-01-16 13:55:00,Login / MFA,P1,0
167,1357,9,2026-01-16 17:48:00,2026-01-18 16:37:00,Software,P3,0
168,1247,6,2026-01-16 11:41:00,2026-01-17 19:23:00,Laptop / Hardware,P3,0
169,1328,3,2026-01-16 13:01:00,2026-01-16 14:54:00,Email,P1,0
170,1428,8,2026-01-16 11:26:00,2026-01-16 13:32:00,Network Outage,P1,0
171,1138,4,2026-01-16 08:50:00,2026-01-17 05:29:00,Access Request,P3,0
172,1379,6,2026-01-16 14:18:00,2026-01-17 15:04:00,VPN,P3,0
173,1229,7,2026-01-16 13:08:00,2026-01-16 17:46:00,VPN,P2,0
174,1089,1,2026-01-16 12:52:00,2026-01-16 13:26:00,Login / MFA,P1,1
175,1062,1,2026-01-16 12:47:00,2026-01-17 14:02:00,Email,P4,0
176,1215,2,2026-01-19 11:39:00,2026-01-20 09:44:00,Email,P4,0
177,1137,3,2026-01-19 09:17:00,2026-01-19 14:53:00,Email,P3,0
178,1074,9,2026-01-19 08:22:00,2026-01-20 09:28:00,Software,P3,0
179,1347,7,2026-01-19 08:39:00,2026-01-22 23:25:00,VPN,P4,0
180,1061,3,2026-01-19 14:03:00,2026-01-21 11:40:00,Access Request,P3,0
181,1138,9,2026-01-19 08:08:00,2026-01-20 11:20:00,Software,P3,0
182,1331,9,2026-01-19 13:48:00,2026-01-21 13:00:00,Software,P4,0
183,1138,9,2026-01-19 10:45:00,2026-01-19 17:48:00,Software,P3,0
184,1418,6,2026-01-19 14:02:00,2026-01-20 12:15:00,VPN,P3,0
185,1082,7,2026-01-19 10:00:00,2026-01-20 20:39:00,VPN,P3,0
186,1220,1,2026-01-19 09:26:00,2026-01-19 18:22:00,Access Request,P3,0
187,1224,1,2026-01-19 11:23:00,2026-01-21 03:23:00,Login / MFA,P4,0
188,1215,3,2026-01-19 08:47:00,2026-01-19 22:35:00,Login / MFA,P3,1
189,1339,6,2026-01-19 13:56:00,2026-01-20 14:04:00,VPN,P3,0
190,1020,3,2026-01-19 09:17:00,2026-01-19 23:25:00,Email,P3,0
191,1229,8,2026-01-19 08:49:00,2026-01-24 03:56:00,Laptop / Hardware,P4,0
192,1341,6,2026-01-19 17:50:00,2026-01-21 21:43:00,VPN,P3,0
193,1022,7,2026-01-19 14:06:00,2026-01-19 17:32:00,VPN,P1,0
194,1229,1,2026-01-19 17:54:00,2026-01-21 20:37:00,Login / MFA,P4,0
195,1199,2,2026-01-19 10:42:00,2026-01-19 19:31:00,Login / MFA,P3,0
196,1179,6,2026-01-19 15:53:00,2026-01-19 17:04:00,VPN,P1,0
197,1224,6,2026-01-19 10:44:00,2026-01-19 13:29:00,Network Outage,P2,0
198,1062,3,2026-01-20 12:09:00,2026-01-21 05:49:00,Login / MFA,P3,0
199,1095,6,2026-01-20 09:54:00,2026-01-21 14:18:00,VPN,P3,0
200,1133,2,2026-01-20 11:18:00,2026-01-20 17:18:00,Access Request,P3,0
201,1024,1,2026-01-20 11:25:00,2026-01-21 01:47:00,Login / MFA,P4,0
202,1367,6,2026-01-20 09:10:00,2026-01-21 14:01:00,VPN,P3,0
203,1214,4,2026-01-20 12:48:00,2026-01-20 18:33:00,Access Request,P2,0
204,1246,9,2026-01-20 14:42:00,2026-01-21 22:26:00,Software,P3,0
205,1388,9,2026-01-20 16:23:00,2026-01-21 17:06:00,Software,P3,0
206,1215,3,2026-01-20 13:53:00,2026-01-21 04:05:00,Access Request,P3,0
207,1133,4,2026-01-20 08:51:00,2026-01-20 19:07:00,Access Request,P3,0
208,1223,4,2026-01-20 17:06:00,2026-01-20 23:09:00,Access Request,P3,0
209,1215,3,2026-01-20 12:09:00,2026-01-22 02:42:00,Login / MFA,P4,0
210,1138,6,2026-01-20 10:52:00,2026-01-20 15:13:00,Network Outage,P1,0
211,1236,2,2026-01-21 15:17:00,2026-01-22 16:53:00,Access Request,P4,0
212,1039,8,2026-01-21 13:24:00,2026-01-21 22:14:00,Laptop / Hardware,P2,0
213,1198,4,2026-01-21 11:58:00,2026-01-21 22:49:00,Login / MFA,P3,0
214,1242,6,2026-01-21 09:49:00,2026-01-21 22:02:00,Laptop / Hardware,P3,0
215,1122,7,2026-01-21 09:56:00,2026-01-22 09:10:00,Laptop / Hardware,P3,0
216,1193,1,2026-01-21 13:46:00,2026-01-21 18:20:00,Login / MFA,P2,0
217,1160,9,2026-01-21 16:39:00,2026-01-21 22:49:00,Software,P2,1
218,1039,4,2026-01-21 10:33:00,2026-01-22 07:44:00,Login / MFA,P3,0
219,1027,10,2026-01-21 08:45:00,2026-01-21 21:12:00,Software,P2,0
220,1341,3,2026-01-21 12:28:00,2026-01-22 10:44:00,Access Request,P4,0
221,1001,7,2026-01-21 08:17:00,2026-01-21 12:05:00,Laptop / Hardware,P1,0
222,1432,1,2026-01-21 08:16:00,2026-01-22 06:12:00,Login / MFA,P4,0
223,1388,7,2026-01-21 13:29:00,2026-01-21 14:32:00,Network Outage,P1,0
224,1434,2,2026-01-21 17:25:00,2026-01-22 06:11:00,Login / MFA,P3,0
225,1341,6,2026-01-21 17:13:00,2026-01-22 02:58:00,VPN,P3,0
226,1001,3,2026-01-21 08:23:00,2026-01-21 15:54:00,Email,P3,0
227,1058,5,2026-01-21 17:23:00,2026-01-22 06:43:00,Access Request,P3,0
228,1145,6,2026-01-21 12:15:00,2026-01-22 15:56:00,Laptop / Hardware,P3,0
229,1084,4,2026-01-21 16:02:00,2026-01-22 04:51:00,Access Request,P3,0
230,1024,1,2026-01-21 14:17:00,2026-01-21 18:02:00,Login / MFA,P2,0
231,1086,2,2026-01-22 08:01:00,2026-01-22 14:40:00,Login / MFA,P3,0
232,1229,4,2026-01-22 15:42:00,2026-01-23 04:23:00,Email,P3,0
233,1205,6,2026-01-22 11:24:00,2026-01-22 15:09:00,Laptop / Hardware,P2,0
234,1368,6,2026-01-22 13:33:00,2026-01-23 22:13:00,VPN,P3,0
235,1028,1,2026-01-22 09:30:00,2026-01-23 09:04:00,Login / MFA,P4,0
236,1109,4,2026-01-22 15:41:00,2026-01-23 11:55:00,Access Request,P3,0
237,1242,2,2026-01-22 13:47:00,2026-01-23 03:39:00,Access Request,P3,0
238,1008,4,2026-01-22 11:18:00,2026-01-23 02:46:00,Access Request,P4,0
239,1367,5,2026-01-22 14:52:00,2026-01-22 21:00:00,Access Request,P3,0
240,1428,2,2026-01-22 15:41:00,2026-01-22 20:01:00,Login / MFA,P1,0
241,1148,4,2026-01-22 14:30:00,2026-01-24 07:54:00,Access Request,P3,0
242,1341,7,2026-01-22 08:55:00,2026-01-22 15:01:00,VPN,P3,0
243,1120,1,2026-01-22 12:58:00,2026-01-23 01:44:00,Login / MFA,P4,0
244,1419,4,2026-01-22 11:53:00,2026-01-22 16:15:00,Access Request,P3,0
245,1095,2,2026-01-22 11:42:00,2026-01-22 21:57:00,Access Request,P3,0
246,1001,9,2026-01-22 17:34:00,2026-01-23 12:23:00,Software,P4,0
247,1375,6,2026-01-23 15:48:00,2026-01-26 00:42:00,Laptop / Hardware,P4,0
248,1176,6,2026-01-23 09:05:00,2026-01-23 11:36:00,Network Outage,P1,0
249,1319,1,2026-01-23 16:24:00,2026-01-24 11:50:00,Email,P4,0
250,1117,1,2026-01-23 17:46:00,2026-01-24 20:22:00,Login / MFA,P3,0
251,1262,1,2026-01-23 16:17:00,2026-01-23 23:48:00,Access Request,P3,0
252,1388,8,2026-01-23 14:46:00,2026-01-26 03:37:00,Laptop / Hardware,P3,0
253,1371,8,2026-01-23 15:37:00,2026-01-24 06:28:00,VPN,P2,1
254,1164,2,2026-01-23 16:12:00,2026-01-24 01:19:00,Login / MFA,P3,1
255,1211,6,2026-01-23 08:04:00,2026-01-24 00:50:00,VPN,P3,0
256,1226,3,2026-01-23 12:16:00,2026-01-23 23:23:00,Access Request,P3,0
257,1149,8,2026-01-23 15:51:00,2026-01-24 10:54:00,Laptop / Hardware,P3,0
258,1213,8,2026-01-23 09:36:00,2026-01-23 12:37:00,VPN,P1,0
259,1427,4,2026-01-23 09:49:00,2026-01-23 17:00:00,Login / MFA,P3,0
260,1383,7,2026-01-23 10:24:00,2026-01-24 12:11:00,VPN,P4,0
261,1145,6,2026-01-23 12:07:00,2026-01-25 05:07:00,VPN,P4,0
262,1287,5,2026-01-23 15:09:00,2026-01-23 19:07:00,Login / MFA,P3,0
263,1419,6,2026-01-23 08:21:00,2026-01-24 09:05:00,VPN,P4,0
264,1220,6,2026-01-26 10:02:00,2026-01-26 11:21:00,Laptop / Hardware,P1,0
265,1171,6,2026-01-26 13:40:00,2026-01-26 15:04:00,Network Outage,P1,0
266,1249,1,2026-01-26 17:14:00,2026-01-26 23:37:00,Login / MFA,P2,0
267,1148,3,2026-01-26 16:41:00,2026-01-26 23:29:00,Access Request,P2,0
268,1418,7,2026-01-26 12:10:00,2026-01-28 03:04:00,VPN,P4,0
269,1096,3,2026-01-26 08:04:00,2026-01-26 18:28:00,Login / MFA,P3,0
270,1351,4,2026-01-26 15:00:00,2026-01-27 07:37:00,Email,P3,0
271,1128,1,2026-01-26 14:27:00,2026-01-27 03:57:00,Access Request,P3,0
272,1269,10,2026-01-26 09:25:00,2026-01-27 17:57:00,Software,P3,0
273,1194,6,2026-01-26 09:29:00,2026-01-29 08:49:00,VPN,P4,0
274,1220,5,2026-01-26 14:15:00,2026-01-26 18:44:00,Access Request,P3,0
275,1218,8,2026-01-26 14:09:00,2026-01-28 16:05:00,VPN,P3,0
276,1262,8,2026-01-26 09:13:00,2026-01-30 15:20:00,VPN,P4,0
277,1027,8,2026-01-26 08:01:00,2026-01-28 05:14:00,VPN,P4,0
278,1024,10,2026-01-26 10:25:00,2026-01-27 05:56:00,Software,P3,0
279,1426,7,2026-01-26 13:44:00,2026-01-27 16:54:00,Laptop / Hardware,P4,0
280,1117,5,2026-01-26 10:36:00,2026-01-28 02:25:00,Access Request,P4,0
281,1150,5,2026-01-26 16:16:00,2026-01-27 01:50:00,Access Request,P3,0
282,1109,5,2026-01-26 15:06:00,2026-01-26 17:46:00,Email,P2,0
283,1266,7,2026-01-26 08:55:00,2026-01-27 10:30:00,Laptop / Hardware,P4,0
284,1430,8,2026-01-26 15:58:00,2026-01-27 05:26:00,VPN,P4,0
285,1176,4,2026-01-26 17:44:00,2026-01-27 11:22:00,Access Request,P3,0
286,1145,8,2026-01-26 12:40:00,2026-01-28 07:17:00,Laptop / Hardware,P3,0
287,1305,7,2026-01-27 12:33:00,2026-01-27 17:14:00,VPN,P2,0
288,1244,2,2026-01-27 12:22:00,2026-01-29 07:49:00,Login / MFA,P3,0
289,1235,2,2026-01-27 10:36:00,2026-01-27 18:42:00,Login / MFA,P3,0
290,1214,9,2026-01-27 14:13:00,2026-01-28 03:56:00,Software,P3,0
291,1403,10,2026-01-27 10:06:00,2026-01-28 03:54:00,Software,P3,0
292,1136,4,2026-01-27 12:04:00,2026-01-27 15:21:00,Access Request,P3,0
293,1392,8,2026-01-27 10:45:00,2026-01-29 14:12:00,Laptop / Hardware,P3,0
294,1077,8,2026-01-27 16:01:00,2026-01-28 02:22:00,Laptop / Hardware,P2,0
295,1289,6,2026-01-27 09:58:00,2026-02-02 16:22:00,VPN,P4,0
296,1412,4,2026-01-27 15:31:00,2026-01-27 18:53:00,Access Request,P2,0
297,1072,4,2026-01-27 12:39:00,2026-01-27 15:25:00,Email,P2,0
298,1335,7,2026-01-27 17:34:00,2026-01-27 22:26:00,Network Outage,P3,0
299,1263,10,2026-01-28 16:54:00,2026-01-28 22:12:00,Software,P2,0
300,1335,8,2026-01-28 16:14:00,2026-01-29 05:54:00,Laptop / Hardware,P3,0
301,1367,5,2026-01-28 10:15:00,2026-01-28 12:28:00,Login / MFA,P1,0
302,1395,8,2026-01-28 15:29:00,2026-01-29 13:03:00,Laptop / Hardware,P3,0
303,1133,10,2026-01-28 08:06:00,2026-01-31 14:00:00,Software,P4,0
304,1148,6,2026-01-28 13:43:00,2026-01-29 19:13:00,Network Outage,P3,0
305,1089,8,2026-01-28 14:54:00,2026-01-30 03:20:00,Laptop / Hardware,P4,0
306,1226,3,2026-01-28 13:08:00,2026-01-28 20:05:00,Email,P3,1
307,1413,2,2026-01-28 12:42:00,2026-01-28 20:34:00,Login / MFA,P3,0
308,1329,8,2026-01-28 08:54:00,2026-01-29 13:49:00,VPN,P3,0
309,1147,6,2026-01-29 17:36:00,2026-01-29 20:03:00,Laptop / Hardware,P2,0
310,1229,5,2026-01-29 17:54:00,2026-01-31 03:18:00,Access Request,P4,0
311,1052,5,2026-01-29 12:05:00,2026-01-29 16:58:00,Login / MFA,P2,0
312,1236,4,2026-01-29 17:20:00,2026-01-30 05:10:00,Access Request,P4,0
313,1209,2,2026-01-29 14:29:00,2026-01-29 15:54:00,Printer,P1,0
314,1266,3,2026-01-29 08:58:00,2026-01-31 07:51:00,Login / MFA,P4,0
315,1237,2,2026-01-29 16:20:00,2026-01-30 06:21:00,Login / MFA,P3,0
316,1241,8,2026-01-29 09:57:00,2026-01-30 01:07:00,VPN,P3,0
317,1315,9,2026-01-29 14:55:00,2026-01-29 20:02:00,Software,P3,0
318,1064,4,2026-01-29 16:52:00,2026-01-30 00:01:00,Login / MFA,P3,0
319,1320,3,2026-01-29 13:56:00,2026-01-29 20:05:00,Login / MFA,P4,0
320,1262,9,2026-01-29 17:40:00,2026-01-31 03:28:00,Software,P4,0
321,1287,9,2026-01-29 16:37:00,2026-01-30 16:28:00,Software,P3,0
322,1138,1,2026-01-30 08:02:00,2026-01-30 16:10:00,Access Request,P3,0
323,1133,7,2026-01-30 13:53:00,2026-01-30 22:25:00,VPN,P3,0
324,1335,3,2026-01-30 10:09:00,2026-01-31 02:26:00,Login / MFA,P3,0
325,1236,8,2026-01-30 16:10:00,2026-01-30 20:01:00,Laptop / Hardware,P1,0
326,1171,6,2026-01-30 10:10:00,2026-01-30 13:21:00,VPN,P2,0
327,1341,10,2026-01-30 08:56:00,2026-01-30 12:52:00,Software,P2,0
328,1411,9,2026-01-30 14:28:00,2026-01-31 10:47:00,Software,P4,0
329,1266,1,2026-01-30 16:13:00,2026-01-31 03:08:00,Printer,P3,0
330,1274,4,2026-01-30 14:50:00,2026-01-31 05:01:00,Email,P4,1
331,1351,8,2026-02-02 14:04:00,2026-02-03 06:32:00,VPN,P3,0
332,1023,6,2026-02-02 15:05:00,2026-02-05 05:43:00,Laptop / Hardware,P4,0
333,1283,8,2026-02-02 08:50:00,2026-02-02 17:42:00,VPN,P2,0
334,1148,2,2026-02-02 17:14:00,2026-02-03 10:27:00,Access Request,P4,0
335,1009,3,2026-02-02 10:39:00,2026-02-03 16:13:00,Printer,P3,0
336,1147,3,2026-02-02 08:53:00,2026-02-02 15:11:00,Access Request,P3,0
337,1263,8,2026-02-02 17:16:00,2026-02-03 03:15:00,VPN,P3,0
338,1032,2,2026-02-02 15:42:00,2026-02-03 02:44:00,Access Request,P4,0
339,1359,4,2026-02-02 08:23:00,2026-02-02 23:44:00,Login / MFA,P3,1
340,1010,6,2026-02-02 13:03:00,2026-02-02 19:24:00,Network Outage,P1,0
341,1105,5,2026-02-02 16:36:00,2026-02-03 17:49:00,Login / MFA,P3,1
342,1146,1,2026-02-02 13:53:00,2026-02-03 20:24:00,Login / MFA,P4,0
343,1024,10,2026-02-02 10:38:00,2026-02-02 15:26:00,Software,P3,0
344,1402,5,2026-02-02 08:11:00,2026-02-03 14:24:00,Access Request,P4,0
345,1425,7,2026-02-02 11:33:00,2026-02-03 21:16:00,Network Outage,P3,0
346,1388,6,2026-02-02 08:14:00,2026-02-02 12:31:00,Network Outage,P2,0
347,1088,8,2026-02-02 13:35:00,2026-02-04 19:31:00,Laptop / Hardware,P4,0
348,1353,6,2026-02-02 11:42:00,2026-02-04 07:55:00,VPN,P4,0
349,1357,2,2026-02-03 10:01:00,2026-02-03 17:46:00,Email,P2,0
350,1104,10,2026-02-03 13:03:00,2026-02-04 08:37:00,Software,P4,0
351,1260,1,2026-02-03 10:46:00,2026-02-05 23:47:00,Access Request,P4,0
352,1287,8,2026-02-03 09:21:00,2026-02-03 16:02:00,VPN,P2,0
353,1322,4,2026-02-03 12:31:00,2026-02-04 18:48:00,Access Request,P4,0
354,1045,4,2026-02-03 10:46:00,2026-02-03 17:34:00,Access Request,P3,0
355,1305,3,2026-02-03 11:02:00,2026-02-03 18:09:00,Access Request,P3,0
356,1388,10,2026-02-03 10:58:00,2026-02-04 03:59:00,Software,P3,0
357,1262,8,2026-02-03 13:47:00,2026-02-04 12:53:00,Network Outage,P2,0
358,1074,8,2026-02-03 16:30:00,2026-02-05 06:34:00,VPN,P3,0
359,1397,9,2026-02-03 08:34:00,2026-02-05 00:31:00,Software,P4,0
360,1051,6,2026-02-03 11:08:00,2026-02-04 04:13:00,Laptop / Hardware,P4,0
361,1103,10,2026-02-03 11:58:00,2026-02-05 08:21:00,Software,P4,0
362,1363,6,2026-02-03 13:25:00,2026-02-04 05:55:00,VPN,P3,0
363,1242,9,2026-02-03 16:43:00,2026-02-05 00:29:00,Software,P4,0
364,1148,10,2026-02-03 15:19:00,2026-02-04 04:28:00,Software,P3,0
365,1342,10,2026-02-03 13:50:00,2026-02-03 19:13:00,Software,P2,0
366,1175,6,2026-02-04 16:52:00,2026-02-04 23:27:00,VPN,P2,0
367,1093,5,2026-02-04 11:56:00,2026-02-04 20:57:00,Access Request,P2,0
368,1225,5,2026-02-04 15:18:00,2026-02-06 01:12:00,Email,P3,0
369,1349,5,2026-02-04 13:37:00,2026-02-05 04:02:00,Login / MFA,P3,0
370,1104,1,2026-02-04 13:09:00,2026-02-05 07:45:00,Access Request,P4,0
371,1062,8,2026-02-04 09:04:00,2026-02-05 03:46:00,VPN,P4,0
372,1062,1,2026-02-04 11:11:00,2026-02-07 04:30:00,Login / MFA,P4,0
373,1257,6,2026-02-04 13:17:00,2026-02-05 08:31:00,Laptop / Hardware,P3,0
374,1024,3,2026-02-04 11:52:00,2026-02-04 23:56:00,Access Request,P4,0
375,1220,7,2026-02-04 16:18:00,2026-02-04 18:42:00,Network Outage,P1,0
376,1346,2,2026-02-04 12:00:00,2026-02-04 17:46:00,Access Request,P2,0
377,1331,3,2026-02-04 08:47:00,2026-02-04 18:27:00,Login / MFA,P3,0
378,1279,8,2026-02-04 12:56:00,2026-02-05 00:40:00,Network Outage,P2,0
379,1003,9,2026-02-04 17:18:00,2026-02-05 19:03:00,Software,P4,0
380,1194,6,2026-02-04 16:12:00,2026-02-05 01:31:00,Laptop / Hardware,P3,1
381,1105,5,2026-02-04 13:11:00,2026-02-04 18:02:00,Email,P1,0
382,1215,10,2026-02-04 08:53:00,2026-02-07 02:57:00,Software,P4,0
383,1209,4,2026-02-05 11:55:00,2026-02-05 15:26:00,Login / MFA,P1,1
384,1029,3,2026-02-05 10:48:00,2026-02-05 12:50:00,Login / MFA,P2,0
385,1304,9,2026-02-05 16:02:00,2026-02-08 18:57:00,Software,P4,0
386,1264,8,2026-02-05 15:32:00,2026-02-06 23:56:00,VPN,P3,0
387,1347,3,2026-02-05 09:51:00,2026-02-05 13:42:00,Printer,P2,0
388,1037,1,2026-02-05 09:18:00,2026-02-05 14:17:00,Printer,P3,0
389,1058,10,2026-02-05 15:21:00,2026-02-05 22:23:00,Software,P2,0
390,1264,7,2026-02-05 11:09:00,2026-02-06 01:06:00,Laptop / Hardware,P3,0
391,1305,8,2026-02-05 12:41:00,2026-02-05 20:42:00,VPN,P3,0
392,1027,9,2026-02-05 14:40:00,2026-02-05 20:11:00,Software,P3,0
393,1007,6,2026-02-05 14:52:00,2026-02-06 07:05:00,VPN,P3,1
394,1141,10,2026-02-05 14:52:00,2026-02-07 08:41:00,Software,P3,0
395,1147,3,2026-02-05 17:34:00,2026-02-06 05:42:00,Email,P4,0
396,1021,6,2026-02-05 15:09:00,2026-02-07 14:28:00,Laptop / Hardware,P4,0
397,1044,4,2026-02-05 08:28:00,2026-02-05 14:43:00,Email,P3,0
398,1086,1,2026-02-05 09:37:00,2026-02-05 23:57:00,Login / MFA,P4,0
399,1004,6,2026-02-05 15:28:00,2026-02-06 07:20:00,VPN,P3,0
400,1348,6,2026-02-06 11:06:00,2026-02-07 06:47:00,Laptop / Hardware,P3,0
401,1154,3,2026-02-06 10:16:00,2026-02-08 02:21:00,Access Request,P4,0
402,1155,1,2026-02-06 14:26:00,2026-02-06 22:53:00,Login / MFA,P3,0
403,1214,6,2026-02-06 09:10:00,2026-02-06 16:18:00,Laptop / Hardware,P1,1
404,1232,6,2026-02-06 10:08:00,2026-02-09 08:25:00,VPN,P4,0
405,1148,7,2026-02-06 17:20:00,2026-02-07 01:32:00,VPN,P3,0
406,1002,10,2026-02-06 13:57:00,2026-02-06 20:01:00,Software,P3,0
407,1308,7,2026-02-06 08:40:00,2026-02-06 19:08:00,Laptop / Hardware,P3,0
408,1052,4,2026-02-06 09:48:00,2026-02-07 00:50:00,Access Request,P3,0
409,1363,9,2026-02-06 11:50:00,2026-02-07 06:55:00,Software,P3,0
410,1104,6,2026-02-06 10:26:00,2026-02-09 22:29:00,Network Outage,P3,0
411,1111,9,2026-02-06 15:41:00,2026-02-07 08:36:00,Software,P3,0
412,1221,7,2026-02-06 13:40:00,2026-02-07 17:51:00,Laptop / Hardware,P4,0
413,1388,1,2026-02-06 12:11:00,2026-02-06 21:26:00,Printer,P3,0
414,1069,1,2026-02-09 11:05:00,2026-02-10 07:58:00,Email,P4,0
415,1322,2,2026-02-09 08:40:00,2026-02-09 12:34:00,Login / MFA,P2,0
416,1417,7,2026-02-09 11:55:00,2026-02-09 23:10:00,Laptop / Hardware,P2,0
417,1259,2,2026-02-09 14:50:00,2026-02-10 00:01:00,Login / MFA,P3,0
418,1009,9,2026-02-09 13:43:00,2026-02-09 18:08:00,Software,P1,0
419,1309,2,2026-02-09 12:29:00,2026-02-10 02:45:00,Email,P3,0
420,1205,6,2026-02-09 16:16:00,2026-02-11 11:59:00,Laptop / Hardware,P4,1
421,1369,10,2026-02-09 16:35:00,2026-02-10 13:35:00,Software,P3,1
422,1064,8,2026-02-09 08:35:00,2026-02-10 07:27:00,VPN,P2,0
423,1128,2,2026-02-09 16:33:00,2026-02-09 19:47:00,Login / MFA,P3,0
424,1397,8,2026-02-09 12:10:00,2026-02-11 17:44:00,VPN,P4,0
425,1355,1,2026-02-09 15:42:00,2026-02-10 19:28:00,Login / MFA,P4,0
426,1389,3,2026-02-09 16:00:00,2026-02-09 22:47:00,Login / MFA,P2,0
427,1220,8,2026-02-09 13:35:00,2026-02-10 18:57:00,Laptop / Hardware,P3,0
428,1104,10,2026-02-10 13:58:00,2026-02-11 05:56:00,Software,P3,0
429,1357,7,2026-02-10 11:32:00,2026-02-10 20:45:00,Laptop / Hardware,P2,0
430,1242,5,2026-02-10 08:13:00,2026-02-11 11:57:00,Email,P4,0
431,1074,4,2026-02-10 15:41:00,2026-02-10 21:54:00,Login / MFA,P2,1
432,1288,1,2026-02-10 09:43:00,2026-02-11 04:33:00,Access Request,P3,0
433,1262,8,2026-02-10 15:36:00,2026-02-10 23:32:00,Network Outage,P1,0
434,1242,2,2026-02-10 13:41:00,2026-02-10 15:14:00,Login / MFA,P2,0
435,1205,8,2026-02-10 15:25:00,2026-02-11 15:59:00,VPN,P3,0
436,1335,9,2026-02-10 08:02:00,2026-02-11 11:17:00,Software,P3,0
437,1308,5,2026-02-10 16:30:00,2026-02-11 13:07:00,Printer,P3,0
438,1242,7,2026-02-10 14:09:00,2026-02-11 08:51:00,VPN,P2,0
439,1024,9,2026-02-10 15:40:00,2026-02-11 20:54:00,Software,P4,0
440,1095,7,2026-02-10 11:57:00,2026-02-11 11:49:00,VPN,P3,0
441,1428,4,2026-02-10 08:28:00,2026-02-10 11:25:00,Login / MFA,P3,0
442,1175,5,2026-02-10 09:39:00,2026-02-11 12:49:00,Login / MFA,P3,0
443,1263,2,2026-02-10 13:02:00,2026-02-11 05:18:00,Printer,P3,0
444,1057,5,2026-02-10 10:13:00,2026-02-10 15:26:00,Login / MFA,P3,1
445,1295,3,2026-02-11 14:37:00,2026-02-12 11:12:00,Printer,P4,0
446,1193,6,2026-02-11 10:23:00,2026-02-12 14:37:00,Laptop / Hardware,P3,0
447,1166,2,2026-02-11 17:51:00,2026-02-12 07:44:00,Login / MFA,P4,0
448,1209,2,2026-02-11 15:42:00,2026-02-11 19:38:00,Access Request,P3,0
449,1148,10,2026-02-11 13:49:00,2026-02-11 23:10:00,Software,P2,1
450,1368,1,2026-02-11 08:46:00,2026-02-11 12:26:00,Login / MFA,P2,0
451,1286,4,2026-02-11 11:51:00,2026-02-11 20:44:00,Printer,P3,0
452,1164,6,2026-02-11 08:34:00,2026-02-12 04:29:00,Laptop / Hardware,P3,0
453,1053,8,2026-02-11 16:58:00,2026-02-12 11:52:00,VPN,P3,0
454,1215,10,2026-02-11 17:12:00,2026-02-12 16:30:00,Software,P3,0
455,1440,9,2026-02-11 15:44:00,2026-02-12 02:28:00,Software,P3,0
456,1388,2,2026-02-11 10:13:00,2026-02-11 20:14:00,Email,P3,0
457,1024,9,2026-02-11 11:36:00,2026-02-14 15:54:00,Software,P4,0
458,1148,8,2026-02-11 08:54:00,2026-02-14 10:10:00,VPN,P4,0
459,1205,9,2026-02-11 09:06:00,2026-02-13 23:28:00,Software,P4,0
460,1175,9,2026-02-11 08:28:00,2026-02-12 01:28:00,Software,P4,0
461,1050,6,2026-02-11 10:42:00,2026-02-12 12:08:00,VPN,P3,0
462,1077,3,2026-02-11 13:15:00,2026-02-12 14:51:00,Access Request,P4,0
463,1226,3,2026-02-11 15:41:00,2026-02-12 02:09:00,Printer,P4,0
464,1356,3,2026-02-12 11:34:00,2026-02-14 10:54:00,Printer,P4,0
465,1276,2,2026-02-12 14:40:00,2026-02-14 00:34:00,Email,P3,0
466,1335,10,2026-02-12 16:39:00,2026-02-13 10:31:00,Software,P3,0
467,1404,4,2026-02-12 15:16:00,2026-02-12 17:27:00,Access Request,P2,0
468,1169,8,2026-02-12 13:20:00,2026-02-13 19:07:00,VPN,P3,0
469,1320,5,2026-02-12 11:06:00,2026-02-12 19:25:00,Email,P3,0
470,1131,2,2026-02-12 16:50:00,2026-02-13 03:06:00,Access Request,P2,0
471,1209,4,2026-02-12 13:36:00,2026-02-12 14:12:00,Access Request,P2,0
472,1374,2,2026-02-12 12:40:00,2026-02-15 01:56:00,Login / MFA,P4,0
473,1427,10,2026-02-12 15:55:00,2026-02-14 23:31:00,Software,P4,0
474,1413,2,2026-02-12 16:50:00,2026-02-12 17:35:00,Email,P1,0
475,1329,7,2026-02-12 16:29:00,2026-02-13 17:37:00,VPN,P3,1
476,1361,6,2026-02-12 17:21:00,2026-02-15 22:09:00,VPN,P3,0
477,1382,9,2026-02-12 11:43:00,2026-02-13 02:50:00,Software,P3,0
478,1258,9,2026-02-12 16:55:00,2026-02-13 01:20:00,Software,P3,0
479,1103,3,2026-02-12 12:46:00,2026-02-13 00:16:00,Login / MFA,P3,0
480,1004,5,2026-02-12 09:12:00,2026-02-13 09:07:00,Login / MFA,P3,0
481,1348,4,2026-02-13 13:30:00,2026-02-14 06:44:00,Login / MFA,P3,0
482,1242,6,2026-02-13 14:18:00,2026-02-14 15:06:00,Network Outage,P3,0
483,1146,10,2026-02-13 14:57:00,2026-02-15 23:54:00,Software,P4,0
484,1061,8,2026-02-13 15:25:00,2026-02-14 15:52:00,VPN,P3,0
485,1277,7,2026-02-13 16:13:00,2026-02-14 17:18:00,Laptop / Hardware,P3,0
486,1287,1,2026-02-13 14:33:00,2026-02-14 13:39:00,Login / MFA,P3,0
487,1339,7,2026-02-13 17:37:00,2026-02-14 12:31:00,VPN,P3,0
488,1059,8,2026-02-13 12:24:00,2026-02-14 13:56:00,Laptop / Hardware,P3,0
489,1011,6,2026-02-13 15:20:00,2026-02-14 11:56:00,VPN,P3,0
490,1375,8,2026-02-13 08:56:00,2026-02-13 12:43:00,Network Outage,P2,0
491,1258,10,2026-02-13 14:37:00,2026-02-14 02:58:00,Software,P2,0
492,1043,1,2026-02-13 15:38:00,2026-02-14 05:03:00,Access Request,P3,0
493,1297,4,2026-02-13 08:38:00,2026-02-13 15:53:00,Access Request,P3,0
494,1427,6,2026-02-16 13:42:00,2026-02-18 03:00:00,Laptop / Hardware,P3,0
495,1086,2,2026-02-16 08:26:00,2026-02-16 11:02:00,Email,P3,1
496,1262,8,2026-02-16 08:12:00,2026-02-22 14:04:00,VPN,P4,0
497,1413,1,2026-02-16 17:07:00,2026-02-17 14:51:00,Access Request,P2,0
498,1390,10,2026-02-16 10:15:00,2026-02-16 18:31:00,Software,P3,0
499,1069,8,2026-02-16 13:50:00,2026-02-17 03:21:00,Laptop / Hardware,P3,0
500,1205,2,2026-02-16 13:37:00,2026-02-17 02:05:00,Access Request,P3,0
501,1105,2,2026-02-16 08:36:00,2026-02-16 21:30:00,Printer,P4,0
502,1292,1,2026-02-16 14:01:00,2026-02-17 17:21:00,Login / MFA,P4,0
503,1103,9,2026-02-16 16:37:00,2026-02-16 19:07:00,Software,P2,0
504,1074,7,2026-02-16 14:09:00,2026-02-17 00:16:00,VPN,P2,0
505,1117,8,2026-02-16 12:56:00,2026-02-19 22:28:00,VPN,P4,0
506,1057,7,2026-02-16 08:54:00,2026-02-17 09:05:00,Laptop / Hardware,P3,0
507,1301,7,2026-02-16 11:31:00,2026-02-17 17:02:00,VPN,P3,0
508,1124,3,2026-02-16 12:45:00,2026-02-16 14:58:00,Printer,P2,0
509,1172,10,2026-02-16 17:15:00,2026-02-17 16:14:00,Software,P3,0
510,1120,3,2026-02-16 13:20:00,2026-02-17 03:20:00,Login / MFA,P4,0
511,1086,6,2026-02-17 15:01:00,2026-02-20 00:22:00,VPN,P3,0
512,1291,5,2026-02-17 16:36:00,2026-02-20 02:27:00,Login / MFA,P4,0
513,1263,4,2026-02-17 08:43:00,2026-02-17 22:15:00,Login / MFA,P3,0
514,1099,5,2026-02-17 17:24:00,2026-02-18 02:29:00,Printer,P3,0
515,1211,6,2026-02-17 09:51:00,2026-02-17 18:31:00,VPN,P3,0
516,1130,7,2026-02-17 17:46:00,2026-02-17 23:03:00,Network Outage,P1,0
517,1357,6,2026-02-17 08:14:00,2026-02-17 13:33:00,Network Outage,P2,0
518,1149,3,2026-02-17 09:39:00,2026-02-17 17:00:00,Login / MFA,P3,0
519,1260,6,2026-02-17 15:21:00,2026-02-19 13:02:00,VPN,P3,0
520,1396,2,2026-02-17 17:48:00,2026-02-17 22:48:00,Login / MFA,P3,0
521,1099,9,2026-02-17 11:04:00,2026-02-18 09:01:00,Software,P4,0
522,1417,3,2026-02-17 13:59:00,2026-02-17 15:37:00,Login / MFA,P1,0
523,1209,6,2026-02-17 16:51:00,2026-02-18 00:30:00,Laptop / Hardware,P3,0
524,1266,2,2026-02-17 13:00:00,2026-02-17 14:50:00,Email,P2,0
525,1141,8,2026-02-18 15:46:00,2026-02-22 03:55:00,Laptop / Hardware,P3,0
526,1272,4,2026-02-18 15:04:00,2026-02-18 21:31:00,Login / MFA,P3,0
527,1279,7,2026-02-18 10:12:00,2026-02-19 01:18:00,Laptop / Hardware,P3,0
528,1222,7,2026-02-18 09:06:00,2026-02-19 07:25:00,VPN,P3,0
529,1258,9,2026-02-18 09:33:00,2026-02-19 05:49:00,Software,P4,0
530,1204,6,2026-02-18 10:27:00,2026-02-19 20:14:00,Laptop / Hardware,P3,0
531,1257,10,2026-02-18 10:59:00,2026-02-19 08:45:00,Software,P3,0
532,1205,4,2026-02-18 12:58:00,2026-02-19 02:21:00,Access Request,P4,0
533,1394,10,2026-02-18 11:52:00,2026-02-19 20:18:00,Software,P3,0
534,1050,6,2026-02-18 13:37:00,2026-02-19 22:54:00,VPN,P3,0
535,1370,9,2026-02-18 15:11:00,2026-02-19 02:32:00,Software,P3,0
536,1317,3,2026-02-18 13:54:00,2026-02-21 06:33:00,Login / MFA,P4,0
537,1002,7,2026-02-18 13:26:00,2026-02-19 20:35:00,Laptop / Hardware,P4,0
538,1302,10,2026-02-18 13:58:00,2026-02-20 17:54:00,Software,P4,0
539,1150,10,2026-02-18 09:45:00,2026-02-19 06:30:00,Software,P4,0
540,1387,9,2026-02-19 10:05:00,2026-02-20 12:04:00,Software,P3,0
541,1223,4,2026-02-19 13:52:00,2026-02-19 22:46:00,Email,P3,0
542,1009,5,2026-02-19 12:16:00,2026-02-19 16:20:00,Login / MFA,P3,0
543,1158,9,2026-02-19 13:06:00,2026-02-19 21:20:00,Software,P3,0
544,1287,9,2026-02-19 15:41:00,2026-02-20 11:36:00,Software,P3,0
545,1361,10,2026-02-19 11:39:00,2026-02-19 23:12:00,Software,P3,0
546,1085,2,2026-02-19 15:02:00,2026-02-20 12:02:00,Access Request,P3,0
547,1242,8,2026-02-19 17:32:00,2026-02-20 05:14:00,Laptop / Hardware,P3,0
548,1033,7,2026-02-19 11:04:00,2026-02-22 19:26:00,Laptop / Hardware,P4,0
549,1389,6,2026-02-19 08:55:00,2026-02-21 08:11:00,VPN,P4,0
550,1002,6,2026-02-19 10:43:00,2026-02-21 02:42:00,Laptop / Hardware,P4,0
551,1426,1,2026-02-19 08:58:00,2026-02-20 14:02:00,Login / MFA,P4,0
552,1240,5,2026-02-19 15:57:00,2026-02-19 22:52:00,Access Request,P3,0
553,1320,7,2026-02-19 17:00:00,2026-02-20 05:00:00,VPN,P3,0
554,1279,9,2026-02-19 11:47:00,2026-02-20 23:36:00,Software,P4,0
555,1214,6,2026-02-19 17:45:00,2026-02-20 14:28:00,Laptop / Hardware,P3,0
556,1127,2,2026-02-20 10:50:00,2026-02-20 14:28:00,Access Request,P3,0
557,1287,1,2026-02-20 12:47:00,2026-02-20 20:32:00,Login / MFA,P3,0
558,1150,7,2026-02-20 17:05:00,2026-02-22 03:56:00,Laptop / Hardware,P4,0
559,1338,2,2026-02-20 17:53:00,2026-02-21 05:54:00,Access Request,P3,0
560,1209,7,2026-02-20 15:38:00,2026-02-21 22:26:00,Laptop / Hardware,P4,0
561,1396,2,2026-02-20 08:09:00,2026-02-20 10:41:00,Printer,P2,0
562,1229,4,2026-02-20 16:55:00,2026-02-21 02:31:00,Login / MFA,P3,0
563,1363,3,2026-02-20 13:46:00,2026-02-21 08:26:00,Access Request,P4,0
564,1194,10,2026-02-20 09:56:00,2026-02-20 14:32:00,Software,P2,0
565,1279,4,2026-02-20 14:53:00,2026-02-20 16:58:00,Printer,P2,0
566,1111,3,2026-02-20 15:15:00,2026-02-20 16:15:00,Printer,P1,0
567,1242,10,2026-02-20 16:19:00,2026-02-21 11:00:00,Software,P3,0
568,1279,10,2026-02-20 17:06:00,2026-02-21 01:07:00,Software,P3,0
569,1079,1,2026-02-20 10:32:00,2026-02-20 13:57:00,Email,P2,0
570,1229,10,2026-02-20 10:27:00,2026-02-23 20:26:00,Software,P4,0
571,1078,5,2026-02-23 15:39:00,2026-02-23 20:32:00,Access Request,P2,0
572,1065,7,2026-02-23 10:34:00,2026-02-25 15:15:00,VPN,P4,0
573,1348,6,2026-02-23 11:30:00,2026-02-27 14:49:00,Laptop / Hardware,P4,0
574,1089,3,2026-02-23 11:44:00,2026-02-23 22:15:00,Access Request,P3,0
575,1192,2,2026-02-23 15:55:00,2026-02-24 02:37:00,Printer,P4,0
576,1388,4,2026-02-23 11:46:00,2026-02-23 23:09:00,Email,P3,0
577,1061,8,2026-02-23 15:41:00,2026-02-25 05:18:00,VPN,P3,0
578,1287,6,2026-02-23 12:43:00,2026-02-24 03:33:00,Network Outage,P3,0
579,1098,2,2026-02-23 11:40:00,2026-02-24 01:19:00,Email,P4,0
580,1262,8,2026-02-23 17:07:00,2026-02-24 04:12:00,Network Outage,P2,1
581,1352,5,2026-02-23 17:55:00,2026-02-24 00:46:00,Login / MFA,P3,0
582,1353,6,2026-02-23 15:08:00,2026-02-23 22:53:00,VPN,P2,0
583,1339,1,2026-02-23 17:58:00,2026-02-24 07:19:00,Email,P4,0
584,1215,9,2026-02-23 16:21:00,2026-02-24 03:06:00,Software,P3,0
585,1226,6,2026-02-23 15:31:00,2026-02-28 09:20:00,Laptop / Hardware,P3,0
586,1069,8,2026-02-23 16:50:00,2026-02-25 08:49:00,VPN,P4,0
587,1050,6,2026-02-23 11:53:00,2026-02-23 20:09:00,Network Outage,P2,1
588,1319,6,2026-02-23 11:23:00,2026-02-24 02:51:00,VPN,P3,1
589,1020,3,2026-02-23 08:24:00,2026-02-23 09:21:00,Login / MFA,P1,0
590,1072,7,2026-02-24 11:57:00,2026-02-26 12:06:00,VPN,P3,0
591,1214,9,2026-02-24 10:15:00,2026-02-24 19:44:00,Software,P2,0
592,1405,7,2026-02-24 11:51:00,2026-02-25 04:18:00,VPN,P3,1
593,1428,6,2026-02-24 09:38:00,2026-02-25 20:04:00,Laptop / Hardware,P4,0
594,1315,7,2026-02-24 13:35:00,2026-02-26 02:05:00,Laptop / Hardware,P3,0
595,1388,9,2026-02-24 13:42:00,2026-02-26 03:19:00,Software,P4,0
596,1043,4,2026-02-24 14:47:00,2026-02-25 10:04:00,Login / MFA,P4,0
597,1211,1,2026-02-24 10:50:00,2026-02-24 19:10:00,Printer,P3,0
598,1205,5,2026-02-24 12:11:00,2026-02-25 19:28:00,Access Request,P4,0
599,1086,3,2026-02-24 11:42:00,2026-02-26 13:57:00,Printer,P4,0
600,1234,8,2026-02-24 13:40:00,2026-02-25 18:29:00,VPN,P3,1
601,1234,7,2026-02-24 09:23:00,2026-02-26 02:31:00,VPN,P3,0
602,1425,8,2026-02-24 13:06:00,2026-02-27 13:03:00,Laptop / Hardware,P4,0
603,1024,3,2026-02-24 16:57:00,2026-02-25 13:10:00,Email,P3,0
604,1130,1,2026-02-24 11:04:00,2026-02-24 16:25:00,Email,P3,0
605,1069,10,2026-02-24 11:16:00,2026-02-26 12:33:00,Software,P4,0
606,1291,9,2026-02-25 14:57:00,2026-02-25 16:07:00,Software,P1,0
607,1375,2,2026-02-25 11:56:00,2026-02-26 01:09:00,Email,P3,0
608,1287,9,2026-02-25 16:48:00,2026-02-27 07:19:00,Software,P4,0
609,1279,3,2026-02-25 15:56:00,2026-02-26 04:42:00,Email,P3,0
610,1242,6,2026-02-25 08:05:00,2026-02-26 21:56:00,VPN,P3,0
611,1279,3,2026-02-25 11:13:00,2026-02-26 11:05:00,Login / MFA,P4,0
612,1308,8,2026-02-25 10:56:00,2026-02-26 17:50:00,VPN,P3,0
613,1427,2,2026-02-25 11:11:00,2026-02-25 19:23:00,Login / MFA,P3,0
614,1072,3,2026-02-25 16:49:00,2026-02-25 17:57:00,Login / MFA,P1,0
615,1263,4,2026-02-25 16:52:00,2026-02-26 01:35:00,Email,P3,1
616,1053,6,2026-02-25 17:45:00,2026-02-25 23:10:00,Laptop / Hardware,P2,0
617,1084,10,2026-02-25 14:58:00,2026-02-26 14:21:00,Software,P3,0
618,1405,9,2026-02-25 10:38:00,2026-02-26 13:12:00,Software,P4,0
619,1170,10,2026-02-25 15:01:00,2026-02-26 23:16:00,Software,P4,0
620,1236,10,2026-02-25 14:13:00,2026-02-27 10:42:00,Software,P4,0
621,1086,5,2026-02-25 09:48:00,2026-02-25 23:22:00,Printer,P3,0
622,1138,9,2026-02-26 08:37:00,2026-02-26 21:46:00,Software,P3,0
623,1072,5,2026-02-26 15:49:00,2026-02-26 21:53:00,Printer,P2,0
624,1316,2,2026-02-26 13:30:00,2026-02-26 15:00:00,Login / MFA,P1,0
625,1254,7,2026-02-26 17:55:00,2026-03-01 01:21:00,Laptop / Hardware,P3,0
626,1352,10,2026-02-26 16:57:00,2026-02-28 11:32:00,Software,P4,0
627,1065,8,2026-02-26 15:38:00,2026-02-28 08:48:00,VPN,P3,0
628,1258,3,2026-02-26 16:11:00,2026-02-26 22:29:00,Email,P3,0
629,1109,8,2026-02-26 09:26:00,2026-02-26 21:13:00,Laptop / Hardware,P3,0
630,1209,8,2026-02-26 09:53:00,2026-02-26 13:26:00,Network Outage,P1,0
631,1197,1,2026-02-26 13:44:00,2026-02-26 16:10:00,Printer,P2,0
632,1262,6,2026-02-27 16:45:00,2026-02-27 18:49:00,VPN,P1,0
633,1086,1,2026-02-27 10:10:00,2026-02-27 22:46:00,Login / MFA,P4,0
634,1176,7,2026-02-27 16:50:00,2026-02-28 20:26:00,VPN,P4,0
635,1413,4,2026-02-27 14:22:00,2026-02-27 21:27:00,Login / MFA,P2,0
636,1086,2,2026-02-27 11:55:00,2026-02-28 16:01:00,Access Request,P4,0
637,1024,8,2026-02-27 12:11:00,2026-02-28 13:03:00,Laptop / Hardware,P4,0
638,1265,5,2026-02-27 11:42:00,2026-02-28 02:30:00,Access Request,P4,0
639,1046,5,2026-02-27 14:31:00,2026-02-27 19:19:00,Login / MFA,P3,0
640,1229,4,2026-02-27 08:29:00,2026-02-27 21:41:00,Email,P3,0
641,1149,9,2026-03-02 09:55:00,2026-03-04 21:32:00,Software,P4,0
642,1143,3,2026-03-02 14:08:00,2026-03-02 23:20:00,Login / MFA,P3,0
643,1199,2,2026-03-02 13:43:00,2026-03-03 06:31:00,Email,P3,0
644,1270,9,2026-03-02 09:03:00,2026-03-02 10:12:00,Software,P1,0
645,1405,8,2026-03-02 16:01:00,2026-03-02 22:05:00,Network Outage,P3,0
646,1352,2,2026-03-02 13:18:00,2026-03-02 17:10:00,Email,P2,0
647,1239,8,2026-03-02 16:04:00,2026-03-03 12:22:00,VPN,P3,0
648,1149,1,2026-03-02 10:15:00,2026-03-04 12:38:00,Access Request,P4,0
649,1069,6,2026-03-02 15:25:00,2026-03-04 03:01:00,Laptop / Hardware,P4,0
650,1242,8,2026-03-02 12:46:00,2026-03-03 08:37:00,VPN,P3,0
651,1023,6,2026-03-02 11:24:00,2026-03-05 03:50:00,VPN,P4,1
652,1021,9,2026-03-02 15:01:00,2026-03-02 17:25:00,Software,P2,0
653,1262,6,2026-03-02 15:11:00,2026-03-08 20:07:00,VPN,P4,0
654,1067,1,2026-03-02 12:29:00,2026-03-03 14:27:00,Printer,P4,0
655,1364,9,2026-03-02 15:43:00,2026-03-02 20:20:00,Software,P2,0
656,1279,8,2026-03-02 14:44:00,2026-03-05 12:14:00,VPN,P4,0
657,1289,1,2026-03-03 09:33:00,2026-03-03 13:37:00,Login / MFA,P3,0
658,1189,3,2026-03-03 15:24:00,2026-03-03 23:08:00,Access Request,P2,0
659,1283,7,2026-03-03 09:57:00,2026-03-07 10:01:00,Laptop / Hardware,P4,0
660,1029,9,2026-03-03 17:22:00,2026-03-04 02:35:00,Software,P2,0
661,1170,6,2026-03-03 17:50:00,2026-03-04 22:31:00,VPN,P4,0
662,1363,2,2026-03-03 15:02:00,2026-03-04 14:47:00,Login / MFA,P4,0
663,1205,9,2026-03-03 10:21:00,2026-03-03 11:05:00,Software,P1,1
664,1229,4,2026-03-03 09:19:00,2026-03-04 04:59:00,Access Request,P3,0
665,1229,1,2026-03-03 10:34:00,2026-03-03 23:22:00,Email,P3,0
666,1411,4,2026-03-03 16:39:00,2026-03-04 18:30:00,Access Request,P4,0
667,1082,2,2026-03-03 09:22:00,2026-03-03 13:29:00,Email,P2,0
668,1283,9,2026-03-03 08:26:00,2026-03-05 14:18:00,Software,P4,0
669,1194,10,2026-03-03 12:55:00,2026-03-04 13:16:00,Software,P3,0
670,1095,10,2026-03-03 15:26:00,2026-03-04 04:19:00,Software,P3,0
671,1074,7,2026-03-04 17:31:00,2026-03-06 17:59:00,Laptop / Hardware,P3,0
672,1168,9,2026-03-04 10:25:00,2026-03-04 19:06:00,Software,P2,0
673,1388,1,2026-03-04 17:51:00,2026-03-04 20:11:00,Printer,P2,0
674,1427,1,2026-03-04 09:22:00,2026-03-05 05:08:00,Login / MFA,P4,0
675,1208,2,2026-03-04 10:53:00,2026-03-04 17:47:00,Access Request,P4,0
676,1131,8,2026-03-04 17:16:00,2026-03-05 20:44:00,VPN,P3,0
677,1145,10,2026-03-04 14:20:00,2026-03-07 18:05:00,Software,P4,0
678,1388,9,2026-03-04 10:54:00,2026-03-06 06:58:00,Software,P3,0
679,1199,6,2026-03-04 14:05:00,2026-03-05 02:24:00,Laptop / Hardware,P3,0
680,1086,4,2026-03-04 09:19:00,2026-03-05 01:52:00,Login / MFA,P4,0
681,1355,5,2026-03-04 17:02:00,2026-03-05 18:58:00,Email,P4,0
682,1057,8,2026-03-05 09:59:00,2026-03-06 06:18:00,VPN,P3,0
683,1264,8,2026-03-05 16:13:00,2026-03-08 04:48:00,VPN,P4,0
684,1272,2,2026-03-05 10:46:00,2026-03-06 00:12:00,Login / MFA,P3,0
685,1360,6,2026-03-05 14:26:00,2026-03-06 13:31:00,Laptop / Hardware,P3,0
686,1135,10,2026-03-05 11:36:00,2026-03-07 08:09:00,Software,P4,0
687,1325,9,2026-03-05 12:01:00,2026-03-06 18:40:00,Software,P3,0
688,1122,10,2026-03-05 13:31:00,2026-03-06 08:58:00,Software,P3,1
689,1295,4,2026-03-06 12:38:00,2026-03-07 01:42:00,Login / MFA,P4,1
690,1195,4,2026-03-06 12:07:00,2026-03-07 15:25:00,Email,P3,0
691,1315,10,2026-03-06 08:06:00,2026-03-07 03:36:00,Software,P3,0
692,1220,4,2026-03-06 13:47:00,2026-03-07 00:27:00,Printer,P3,0
693,1167,3,2026-03-06 12:19:00,2026-03-06 17:32:00,Login / MFA,P3,0
694,1105,5,2026-03-06 10:16:00,2026-03-06 20:39:00,Login / MFA,P3,0
695,1341,6,2026-03-06 09:30:00,2026-03-07 12:12:00,VPN,P3,0
696,1403,6,2026-03-06 16:32:00,2026-03-07 03:03:00,Network Outage,P2,0
697,1305,8,2026-03-06 09:04:00,2026-03-07 16:30:00,VPN,P4,0
698,1095,6,2026-03-06 12:32:00,2026-03-07 14:17:00,VPN,P3,0
699,1291,9,2026-03-06 13:15:00,2026-03-07 08:37:00,Software,P4,0
700,1220,10,2026-03-06 17:19:00,2026-03-07 06:52:00,Software,P3,1
701,1403,6,2026-03-06 13:32:00,2026-03-07 23:49:00,VPN,P3,0
702,1021,8,2026-03-09 17:35:00,2026-03-11 01:06:00,Laptop / Hardware,P3,0
703,1281,4,2026-03-09 17:15:00,2026-03-11 14:59:00,Access Request,P4,0
704,1288,8,2026-03-09 12:18:00,2026-03-10 01:19:00,Laptop / Hardware,P2,0
705,1279,4,2026-03-09 16:00:00,2026-03-09 21:37:00,Printer,P2,0
706,1363,3,2026-03-09 14:04:00,2026-03-10 02:36:00,Login / MFA,P3,0
707,1335,8,2026-03-09 14:31:00,2026-03-14 21:00:00,VPN,P4,0
708,1352,1,2026-03-09 11:27:00,2026-03-10 07:41:00,Login / MFA,P4,0
709,1021,7,2026-03-09 15:20:00,2026-03-09 16:56:00,Laptop / Hardware,P1,0
710,1440,6,2026-03-09 09:10:00,2026-03-11 20:49:00,VPN,P4,0
711,1242,7,2026-03-09 12:35:00,2026-03-10 19:45:00,Network Outage,P3,0
712,1242,2,2026-03-09 12:57:00,2026-03-09 13:48:00,Access Request,P1,0
713,1258,2,2026-03-09 08:12:00,2026-03-11 08:07:00,Access Request,P4,0
714,1123,6,2026-03-09 17:16:00,2026-03-10 16:01:00,VPN,P3,0
715,1138,1,2026-03-09 15:04:00,2026-03-10 01:31:00,Email,P3,0
716,1375,8,2026-03-09 11:33:00,2026-03-09 16:45:00,VPN,P2,0
717,1249,9,2026-03-09 14:23:00,2026-03-11 17:22:00,Software,P4,0
718,1418,5,2026-03-09 09:05:00,2026-03-09 15:25:00,Login / MFA,P2,0
719,1095,1,2026-03-09 10:33:00,2026-03-10 14:02:00,Login / MFA,P3,0
720,1242,1,2026-03-09 15:48:00,2026-03-10 03:12:00,Printer,P3,0
721,1249,6,2026-03-09 08:05:00,2026-03-09 14:34:00,Laptop / Hardware,P3,0
722,1011,7,2026-03-09 11:35:00,2026-03-09 15:51:00,Network Outage,P2,0
723,1262,5,2026-03-09 14:03:00,2026-03-10 06:18:00,Access Request,P3,0
724,1206,7,2026-03-10 09:07:00,2026-03-10 14:10:00,Network Outage,P2,1
725,1355,8,2026-03-10 16:29:00,2026-03-14 01:29:00,VPN,P4,0
726,1205,9,2026-03-10 16:10:00,2026-03-12 08:51:00,Software,P4,0
727,1428,5,2026-03-10 08:08:00,2026-03-12 04:41:00,Login / MFA,P4,0
728,1241,9,2026-03-10 14:28:00,2026-03-12 04:07:00,Software,P3,0
729,1375,2,2026-03-10 11:00:00,2026-03-11 01:58:00,Access Request,P4,0
730,1009,6,2026-03-10 13:16:00,2026-03-11 03:12:00,Laptop / Hardware,P2,0
731,1269,3,2026-03-10 15:45:00,2026-03-10 17:22:00,Login / MFA,P1,0
732,1221,7,2026-03-10 11:41:00,2026-03-11 05:26:00,Network Outage,P2,0
733,1157,5,2026-03-10 09:19:00,2026-03-12 15:35:00,Access Request,P4,0
734,1388,5,2026-03-10 11:44:00,2026-03-12 01:31:00,Access Request,P4,0
735,1048,5,2026-03-10 08:24:00,2026-03-11 05:47:00,Access Request,P4,0
736,1211,1,2026-03-10 12:58:00,2026-03-11 04:25:00,Login / MFA,P3,1
737,1138,5,2026-03-10 16:44:00,2026-03-10 19:56:00,Email,P2,0
738,1411,1,2026-03-11 08:48:00,2026-03-12 13:47:00,Access Request,P4,0
739,1207,4,2026-03-11 12:10:00,2026-03-12 03:17:00,Access Request,P3,0
740,1206,7,2026-03-11 16:45:00,2026-03-12 13:20:00,VPN,P3,0
741,1438,5,2026-03-11 11:45:00,2026-03-12 02:11:00,Access Request,P4,0
742,1139,5,2026-03-11 13:41:00,2026-03-12 05:07:00,Printer,P3,0
743,1380,6,2026-03-11 17:32:00,2026-03-11 20:44:00,VPN,P1,0
744,1296,3,2026-03-11 15:41:00,2026-03-12 06:01:00,Login / MFA,P3,0
745,1002,1,2026-03-11 16:08:00,2026-03-12 05:12:00,Login / MFA,P4,0
746,1137,8,2026-03-11 14:20:00,2026-03-13 14:04:00,VPN,P4,0
747,1305,9,2026-03-11 13:11:00,2026-03-11 17:11:00,Software,P3,0
748,1021,8,2026-03-11 12:54:00,2026-03-11 23:57:00,VPN,P3,0
749,1194,1,2026-03-12 14:51:00,2026-03-13 13:37:00,Email,P3,0
750,1123,8,2026-03-12 08:58:00,2026-03-14 16:46:00,VPN,P4,0
751,1122,4,2026-03-12 10:23:00,2026-03-14 08:38:00,Login / MFA,P4,0
752,1187,4,2026-03-12 12:38:00,2026-03-15 05:31:00,Printer,P4,0
753,1341,6,2026-03-12 11:53:00,2026-03-14 04:49:00,Laptop / Hardware,P3,0
754,1218,7,2026-03-12 08:34:00,2026-03-13 15:05:00,Laptop / Hardware,P3,0
755,1357,8,2026-03-12 15:21:00,2026-03-12 21:44:00,VPN,P2,0
756,1057,6,2026-03-12 14:20:00,2026-03-13 08:21:00,Laptop / Hardware,P4,0
757,1133,2,2026-03-12 09:49:00,2026-03-13 17:40:00,Login / MFA,P4,0
758,1011,7,2026-03-12 08:24:00,2026-03-13 23:40:00,VPN,P4,0
759,1391,4,2026-03-12 17:52:00,2026-03-14 02:50:00,Login / MFA,P4,0
760,1027,8,2026-03-12 08:20:00,2026-03-14 06:46:00,Laptop / Hardware,P3,0
761,1229,6,2026-03-12 09:52:00,2026-03-14 11:50:00,Laptop / Hardware,P3,0
762,1281,1,2026-03-12 11:02:00,2026-03-12 17:12:00,Printer,P3,0
763,1095,8,2026-03-12 13:21:00,2026-03-12 22:03:00,VPN,P3,1
764,1428,10,2026-03-12 11:31:00,2026-03-12 21:07:00,Software,P3,0
765,1428,3,2026-03-12 12:33:00,2026-03-14 00:59:00,Login / MFA,P3,0
766,1113,7,2026-03-12 12:26:00,2026-03-13 17:25:00,Laptop / Hardware,P4,0
767,1066,5,2026-03-12 17:17:00,2026-03-13 03:59:00,Access Request,P3,0
768,1366,5,2026-03-13 08:07:00,2026-03-14 02:15:00,Printer,P3,0
769,1266,4,2026-03-13 11:08:00,2026-03-15 06:51:00,Email,P4,0
770,1281,6,2026-03-13 11:48:00,2026-03-17 09:23:00,VPN,P4,0
771,1180,6,2026-03-13 11:02:00,2026-03-14 21:29:00,Laptop / Hardware,P3,0
772,1178,6,2026-03-13 10:56:00,2026-03-14 01:37:00,Network Outage,P2,0
773,1074,7,2026-03-13 10:17:00,2026-03-13 23:29:00,VPN,P2,0
774,1069,4,2026-03-13 09:33:00,2026-03-15 19:16:00,Login / MFA,P4,0
775,1262,9,2026-03-13 15:14:00,2026-03-14 01:51:00,Software,P2,0
776,1149,6,2026-03-13 09:48:00,2026-03-14 12:25:00,VPN,P4,0
777,1007,10,2026-03-13 15:31:00,2026-03-14 03:46:00,Software,P3,0
778,1082,3,2026-03-13 11:56:00,2026-03-13 16:53:00,Login / MFA,P2,0
779,1082,6,2026-03-13 08:35:00,2026-03-13 20:04:00,VPN,P3,0
780,1089,10,2026-03-13 16:50:00,2026-03-14 04:32:00,Software,P4,0
781,1205,3,2026-03-13 16:38:00,2026-03-13 21:43:00,Printer,P3,1
782,1389,5,2026-03-13 14:31:00,2026-03-13 21:00:00,Access Request,P3,0
783,1242,5,2026-03-13 17:33:00,2026-03-15 06:22:00,Email,P3,0
784,1311,5,2026-03-13 17:31:00,2026-03-14 02:33:00,Email,P3,0
785,1055,10,2026-03-13 08:50:00,2026-03-16 19:26:00,Software,P4,0
786,1284,4,2026-03-13 16:22:00,2026-03-14 16:25:00,Login / MFA,P4,1
787,1367,1,2026-03-13 16:14:00,2026-03-15 01:26:00,Access Request,P4,0
788,1438,9,2026-03-13 10:40:00,2026-03-14 15:38:00,Software,P3,0
789,1266,9,2026-03-16 14:24:00,2026-03-17 07:03:00,Software,P3,0
790,1266,4,2026-03-16 16:23:00,2026-03-17 09:06:00,Login / MFA,P4,0
791,1187,1,2026-03-16 17:14:00,2026-03-17 01:12:00,Access Request,P3,0
792,1279,4,2026-03-16 08:28:00,2026-03-16 09:19:00,Access Request,P1,1
793,1281,4,2026-03-16 17:15:00,2026-03-17 15:19:00,Email,P4,0
794,1318,3,2026-03-16 11:54:00,2026-03-17 08:17:00,Login / MFA,P4,0
795,1082,2,2026-03-16 14:27:00,2026-03-16 20:40:00,Access Request,P2,0
796,1281,1,2026-03-16 13:16:00,2026-03-18 18:15:00,Access Request,P3,0
797,1193,10,2026-03-16 16:24:00,2026-03-17 17:57:00,Software,P4,0
798,1374,10,2026-03-16 15:24:00,2026-03-16 20:08:00,Software,P2,1
799,1262,7,2026-03-16 11:50:00,2026-03-18 19:35:00,VPN,P4,0
800,1348,8,2026-03-16 13:22:00,2026-03-16 22:08:00,Laptop / Hardware,P2,0
801,1348,9,2026-03-16 17:29:00,2026-03-22 05:57:00,Software,P4,0
802,1098,9,2026-03-16 09:49:00,2026-03-17 18:50:00,Software,P3,0
803,1039,1,2026-03-16 15:17:00,2026-03-17 03:46:00,Email,P3,0
804,1329,8,2026-03-16 14:30:00,2026-03-18 00:06:00,VPN,P3,0
805,1024,7,2026-03-16 09:05:00,2026-03-16 12:43:00,Network Outage,P2,0
806,1411,10,2026-03-16 09:43:00,2026-03-17 01:32:00,Software,P3,1
807,1279,3,2026-03-17 11:45:00,2026-03-17 19:44:00,Login / MFA,P3,1
808,1051,8,2026-03-17 13:50:00,2026-03-19 06:12:00,VPN,P3,0
809,1132,2,2026-03-17 10:42:00,2026-03-19 09:27:00,Login / MFA,P4,0
810,1084,5,2026-03-17 15:24:00,2026-03-17 18:53:00,Access Request,P2,0
811,1022,7,2026-03-17 15:35:00,2026-03-19 02:34:00,Laptop / Hardware,P3,0
812,1210,5,2026-03-17 15:27:00,2026-03-17 20:50:00,Access Request,P2,0
813,1095,6,2026-03-17 09:45:00,2026-03-18 00:44:00,VPN,P2,0
814,1214,5,2026-03-17 16:55:00,2026-03-18 22:29:00,Access Request,P4,0
815,1095,6,2026-03-17 08:46:00,2026-03-18 17:57:00,VPN,P3,0
816,1341,6,2026-03-17 15:43:00,2026-03-19 05:05:00,VPN,P3,0
817,1057,8,2026-03-17 11:06:00,2026-03-18 06:16:00,VPN,P2,1
818,1335,5,2026-03-17 13:09:00,2026-03-18 22:11:00,Access Request,P4,0
819,1281,2,2026-03-17 13:41:00,2026-03-19 16:38:00,Login / MFA,P4,0
820,1029,7,2026-03-18 09:18:00,2026-03-19 13:35:00,VPN,P3,0
821,1352,1,2026-03-18 08:15:00,2026-03-19 00:37:00,Email,P3,0
822,1388,6,2026-03-18 17:46:00,2026-03-19 02:36:00,Laptop / Hardware,P3,0
823,1419,3,2026-03-18 09:22:00,2026-03-18 13:27:00,Access Request,P3,0
824,1277,5,2026-03-18 08:11:00,2026-03-18 20:33:00,Access Request,P3,0
825,1242,9,2026-03-18 10:42:00,2026-03-18 19:04:00,Software,P3,0
826,1089,6,2026-03-18 11:55:00,2026-03-24 06:38:00,VPN,P4,0
827,1419,7,2026-03-18 10:36:00,2026-03-18 19:33:00,VPN,P2,0
828,1309,5,2026-03-18 16:06:00,2026-03-19 01:58:00,Login / MFA,P3,0
829,1281,10,2026-03-18 17:02:00,2026-03-21 03:04:00,Software,P4,0
830,1289,4,2026-03-18 15:34:00,2026-03-19 01:31:00,Printer,P3,0
831,1362,10,2026-03-18 11:56:00,2026-03-20 13:31:00,Software,P4,0
832,1150,7,2026-03-18 12:23:00,2026-03-19 10:35:00,VPN,P3,0
833,1057,10,2026-03-18 11:39:00,2026-03-18 17:57:00,Software,P2,0
834,1435,7,2026-03-18 16:45:00,2026-03-20 23:37:00,Laptop / Hardware,P4,0
835,1008,2,2026-03-18 09:09:00,2026-03-19 02:09:00,Access Request,P4,0
836,1419,9,2026-03-19 11:11:00,2026-03-19 21:46:00,Software,P3,0
837,1405,6,2026-03-19 08:30:00,2026-03-20 03:43:00,Laptop / Hardware,P3,1
838,1001,2,2026-03-19 12:36:00,2026-03-20 00:22:00,Access Request,P3,0
839,1272,3,2026-03-19 09:55:00,2026-03-19 20:17:00,Email,P3,0
840,1402,7,2026-03-19 14:15:00,2026-03-20 05:37:00,Laptop / Hardware,P3,0
841,1232,9,2026-03-19 17:05:00,2026-03-21 11:06:00,Software,P3,0
842,1231,10,2026-03-19 12:56:00,2026-03-21 10:55:00,Software,P4,0
843,1242,6,2026-03-19 14:08:00,2026-03-21 03:40:00,Laptop / Hardware,P3,0
844,1234,1,2026-03-19 10:58:00,2026-03-19 20:12:00,Email,P4,0
845,1242,5,2026-03-19 11:15:00,2026-03-20 03:12:00,Login / MFA,P3,0
846,1281,5,2026-03-19 10:14:00,2026-03-19 20:20:00,Login / MFA,P3,0
847,1414,8,2026-03-19 09:32:00,2026-03-21 03:11:00,Laptop / Hardware,P4,0
848,1042,10,2026-03-19 15:55:00,2026-03-20 06:39:00,Software,P4,0
849,1112,8,2026-03-19 16:33:00,2026-03-20 19:39:00,VPN,P2,0
850,1001,5,2026-03-19 09:58:00,2026-03-19 17:42:00,Access Request,P2,0
851,1028,2,2026-03-19 16:17:00,2026-03-20 01:11:00,Login / MFA,P4,0
852,1094,5,2026-03-19 15:24:00,2026-03-19 15:51:00,Login / MFA,P1,0
853,1388,9,2026-03-19 08:41:00,2026-03-20 18:06:00,Software,P4,0
854,1139,6,2026-03-19 13:34:00,2026-03-20 09:51:00,VPN,P3,0
855,1430,2,2026-03-20 16:20:00,2026-03-20 17:09:00,Printer,P1,0
856,1005,4,2026-03-20 12:07:00,2026-03-20 21:48:00,Printer,P3,0
857,1090,8,2026-03-20 11:13:00,2026-03-21 19:28:00,Laptop / Hardware,P3,0
858,1274,9,2026-03-20 08:56:00,2026-03-21 05:54:00,Software,P4,0
859,1065,6,2026-03-20 11:45:00,2026-03-21 05:08:00,VPN,P3,0
860,1123,8,2026-03-20 14:19:00,2026-03-23 10:07:00,Laptop / Hardware,P3,0
861,1221,6,2026-03-20 11:56:00,2026-03-23 08:08:00,Laptop / Hardware,P4,0
862,1320,7,2026-03-20 08:43:00,2026-03-21 06:44:00,VPN,P3,0
863,1367,9,2026-03-20 11:05:00,2026-03-20 19:13:00,Software,P3,0
864,1141,7,2026-03-20 13:20:00,2026-03-21 06:26:00,VPN,P2,0
865,1281,3,2026-03-20 14:47:00,2026-03-21 01:33:00,Email,P4,0
866,1006,2,2026-03-20 13:02:00,2026-03-21 00:57:00,Login / MFA,P3,0
867,1382,3,2026-03-20 13:17:00,2026-03-21 03:13:00,Login / MFA,P4,0
868,1281,3,2026-03-20 11:55:00,2026-03-21 04:53:00,Login / MFA,P3,0
869,1388,5,2026-03-20 17:01:00,2026-03-22 08:32:00,Access Request,P3,1
870,1095,10,2026-03-20 08:33:00,2026-03-20 14:41:00,Software,P2,0
871,1220,2,2026-03-20 10:19:00,2026-03-20 19:04:00,Email,P3,1
872,1388,3,2026-03-23 11:43:00,2026-03-24 01:42:00,Printer,P4,0
873,1405,9,2026-03-23 14:04:00,2026-03-24 08:48:00,Software,P3,0
874,1164,5,2026-03-23 10:42:00,2026-03-23 13:58:00,Login / MFA,P2,0
875,1271,6,2026-03-23 17:44:00,2026-03-23 20:21:00,Network Outage,P1,0
876,1258,4,2026-03-23 09:52:00,2026-03-23 13:16:00,Access Request,P3,0
877,1023,1,2026-03-23 12:52:00,2026-03-24 08:07:00,Email,P3,1
878,1301,6,2026-03-23 14:31:00,2026-03-25 15:39:00,Network Outage,P3,0
879,1125,7,2026-03-23 15:45:00,2026-03-24 03:38:00,Network Outage,P2,0
880,1193,1,2026-03-23 16:09:00,2026-03-24 06:59:00,Access Request,P4,0
881,1262,8,2026-03-23 15:43:00,2026-03-25 18:07:00,VPN,P4,0
882,1220,3,2026-03-23 15:32:00,2026-03-23 22:03:00,Access Request,P3,1
883,1130,2,2026-03-23 12:51:00,2026-03-23 20:32:00,Login / MFA,P3,0
884,1370,7,2026-03-23 13:01:00,2026-03-24 05:26:00,VPN,P3,0
885,1047,2,2026-03-23 15:53:00,2026-03-25 13:03:00,Email,P4,0
886,1255,5,2026-03-23 15:29:00,2026-03-24 13:55:00,Access Request,P4,0
887,1086,2,2026-03-23 10:36:00,2026-03-23 15:58:00,Login / MFA,P3,0
888,1401,4,2026-03-23 08:27:00,2026-03-25 05:40:00,Login / MFA,P4,0
889,1405,10,2026-03-23 12:29:00,2026-03-24 22:26:00,Software,P3,0
890,1295,8,2026-03-23 11:41:00,2026-03-26 11:27:00,VPN,P4,0
891,1375,9,2026-03-23 08:58:00,2026-03-24 10:58:00,Software,P3,0
892,1331,5,2026-03-23 12:26:00,2026-03-23 22:21:00,Access Request,P3,0
893,1279,9,2026-03-23 09:49:00,2026-03-24 18:08:00,Software,P3,0
894,1090,9,2026-03-24 10:06:00,2026-03-26 07:34:00,Software,P4,0
895,1401,4,2026-03-24 16:37:00,2026-03-24 18:09:00,Access Request,P2,0
896,1086,1,2026-03-24 17:08:00,2026-03-24 22:41:00,Email,P3,0
897,1123,10,2026-03-24 13:42:00,2026-03-27 13:50:00,Software,P4,0
898,1146,5,2026-03-24 11:38:00,2026-03-25 02:21:00,Login / MFA,P3,0
899,1123,1,2026-03-24 11:40:00,2026-03-25 11:05:00,Email,P4,1
900,1186,1,2026-03-24 13:39:00,2026-03-24 19:21:00,Login / MFA,P3,0
901,1341,1,2026-03-24 16:27:00,2026-03-25 01:16:00,Printer,P4,0
902,1029,3,2026-03-24 15:08:00,2026-03-24 15:20:00,Login / MFA,P1,0
903,1113,8,2026-03-24 16:41:00,2026-03-24 22:10:00,Laptop / Hardware,P2,0
904,1023,5,2026-03-24 15:24:00,2026-03-25 01:34:00,Access Request,P3,0
905,1331,1,2026-03-24 17:42:00,2026-03-25 23:19:00,Access Request,P4,0
906,1059,3,2026-03-24 09:23:00,2026-03-24 16:34:00,Access Request,P3,0
907,1343,7,2026-03-25 14:14:00,2026-03-26 10:58:00,Laptop / Hardware,P2,0
908,1341,4,2026-03-25 16:05:00,2026-03-26 12:15:00,Access Request,P4,0
909,1244,9,2026-03-25 14:47:00,2026-03-26 16:39:00,Software,P3,0
910,1409,3,2026-03-25 10:58:00,2026-03-25 22:58:00,Access Request,P3,0
911,1375,1,2026-03-25 14:30:00,2026-03-27 13:56:00,Printer,P4,1
912,1002,2,2026-03-25 12:53:00,2026-03-25 13:39:00,Email,P2,0
913,1060,3,2026-03-25 17:44:00,2026-03-25 21:13:00,Access Request,P2,0
914,1436,8,2026-03-25 16:18:00,2026-03-26 11:10:00,Network Outage,P3,0
915,1280,8,2026-03-25 13:08:00,2026-03-26 10:42:00,Laptop / Hardware,P3,0
916,1069,9,2026-03-25 17:57:00,2026-03-28 07:18:00,Software,P4,0
917,1388,2,2026-03-25 16:16:00,2026-03-26 04:02:00,Printer,P3,0
918,1044,6,2026-03-25 15:10:00,2026-03-26 09:46:00,Laptop / Hardware,P2,0
919,1229,10,2026-03-25 15:53:00,2026-03-26 04:31:00,Software,P3,0
920,1175,7,2026-03-25 09:57:00,2026-03-25 18:03:00,Laptop / Hardware,P3,0
921,1133,5,2026-03-25 11:39:00,2026-03-25 12:39:00,Login / MFA,P1,0
922,1113,3,2026-03-25 09:01:00,2026-03-25 22:42:00,Email,P3,0
923,1040,2,2026-03-25 12:58:00,2026-03-27 15:41:00,Login / MFA,P4,0
924,1427,4,2026-03-26 13:50:00,2026-03-27 07:03:00,Access Request,P3,0
925,1366,1,2026-03-26 16:39:00,2026-03-27 15:33:00,Access Request,P4,0
926,1176,6,2026-03-26 14:15:00,2026-03-26 18:02:00,Laptop / Hardware,P2,0
927,1159,5,2026-03-26 17:48:00,2026-03-26 22:51:00,Login / MFA,P4,0
928,1345,3,2026-03-26 12:34:00,2026-03-26 16:05:00,Login / MFA,P2,0
929,1038,4,2026-03-26 15:54:00,2026-03-27 14:19:00,Email,P4,0
930,1059,3,2026-03-26 16:31:00,2026-03-27 21:07:00,Access Request,P4,1
931,1240,7,2026-03-26 17:49:00,2026-03-27 14:11:00,Laptop / Hardware,P3,0
932,1239,6,2026-03-26 11:46:00,2026-03-28 07:52:00,VPN,P4,0
933,1239,3,2026-03-26 12:55:00,2026-03-27 05:21:00,Access Request,P3,0
934,1319,10,2026-03-26 10:46:00,2026-03-27 08:42:00,Software,P3,0
935,1137,4,2026-03-27 17:28:00,2026-03-27 23:46:00,Login / MFA,P3,0
936,1098,2,2026-03-27 16:12:00,2026-03-28 07:38:00,Login / MFA,P4,0
937,1281,6,2026-03-27 14:22:00,2026-03-27 22:36:00,VPN,P2,0
938,1220,1,2026-03-27 17:32:00,2026-03-28 20:56:00,Email,P4,0
939,1244,10,2026-03-27 15:33:00,2026-03-28 01:26:00,Software,P3,0
940,1064,5,2026-03-27 13:38:00,2026-03-27 18:07:00,Login / MFA,P3,0
941,1320,10,2026-03-27 15:44:00,2026-03-28 22:08:00,Software,P3,0
942,1366,4,2026-03-27 16:02:00,2026-03-27 21:20:00,Access Request,P3,0
943,1188,6,2026-03-27 11:37:00,2026-03-27 21:13:00,Laptop / Hardware,P3,0
944,1138,5,2026-03-27 12:44:00,2026-03-28 12:27:00,Login / MFA,P4,0
945,1427,8,2026-03-27 16:23:00,2026-03-28 11:49:00,VPN,P3,0
946,1427,8,2026-03-27 16:54:00,2026-03-27 22:51:00,Network Outage,P2,0
947,1061,2,2026-03-27 10:12:00,2026-03-27 23:02:00,Login / MFA,P3,0
948,1229,7,2026-03-27 10:17:00,2026-03-28 12:11:00,VPN,P3,0
949,1199,2,2026-03-27 13:42:00,2026-03-27 19:34:00,Access Request,P2,0
950,1131,4,2026-03-27 14:21:00,2026-03-28 14:12:00,Printer,P3,0
951,1226,5,2026-03-27 12:37:00,2026-03-28 02:50:00,Login / MFA,P3,0
952,1281,3,2026-03-27 13:49:00,2026-03-27 19:30:00,Access Request,P2,0
953,1163,10,2026-03-27 12:54:00,2026-03-28 05:07:00,Software,P3,0
954,1138,1,2026-03-27 08:46:00,2026-03-27 15:57:00,Login / MFA,P3,0
955,1366,10,2026-03-27 10:51:00,2026-03-30 05:31:00,Software,P4,0
956,1277,7,2026-03-27 14:48:00,2026-03-28 06:46:00,Laptop / Hardware,P3,0
957,1138,4,2026-03-27 14:55:00,2026-03-27 19:46:00,Printer,P2,0
958,1224,5,2026-03-30 09:36:00,2026-03-30 13:40:00,Email,P2,0
959,1430,7,2026-03-30 17:10:00,2026-04-01 00:45:00,Laptop / Hardware,P3,0
960,1283,7,2026-03-30 13:20:00,2026-03-30 20:45:00,VPN,P2,0
961,1295,5,2026-03-30 14:11:00,2026-03-31 03:37:00,Login / MFA,P3,0
962,1207,4,2026-03-30 08:50:00,2026-03-30 11:17:00,Printer,P1,0
963,1179,1,2026-03-30 12:41:00,2026-03-31 21:32:00,Access Request,P4,1
964,1398,2,2026-03-30 10:29:00,2026-03-31 02:23:00,Printer,P4,0
965,1205,10,2026-03-30 17:02:00,2026-03-31 04:18:00,Software,P3,0
966,1061,6,2026-03-30 14:04:00,2026-03-31 01:42:00,Laptop / Hardware,P3,0
967,1335,10,2026-03-30 10:34:00,2026-03-31 15:18:00,Software,P4,0
968,1095,10,2026-03-30 11:15:00,2026-03-31 13:14:00,Software,P3,0
969,1175,9,2026-03-30 11:24:00,2026-03-31 22:55:00,Software,P3,0
970,1259,4,2026-03-30 09:59:00,2026-03-31 20:44:00,Login / MFA,P3,0
971,1353,5,2026-03-30 08:16:00,2026-03-31 11:39:00,Login / MFA,P3,0
972,1001,6,2026-03-30 12:58:00,2026-04-05 14:12:00,VPN,P4,0
973,1176,3,2026-03-31 17:05:00,2026-04-02 05:17:00,Login / MFA,P4,0
974,1309,9,2026-03-31 13:36:00,2026-04-02 08:03:00,Software,P4,0
975,1089,6,2026-03-31 15:38:00,2026-04-02 11:14:00,VPN,P3,1
976,1155,5,2026-03-31 14:09:00,2026-04-01 03:30:00,Printer,P3,0
977,1024,9,2026-03-31 14:17:00,2026-04-01 19:31:00,Software,P3,0
978,1198,1,2026-03-31 12:18:00,2026-03-31 16:27:00,Printer,P3,0
979,1090,5,2026-03-31 09:53:00,2026-04-01 05:53:00,Login / MFA,P4,0
980,1388,9,2026-03-31 09:58:00,2026-04-01 09:19:00,Software,P3,0
981,1205,3,2026-03-31 10:02:00,2026-03-31 14:31:00,Printer,P2,0
982,1106,1,2026-03-31 09:09:00,2026-03-31 19:13:00,Login / MFA,P3,0
983,1130,6,2026-03-31 09:43:00,2026-04-01 07:31:00,VPN,P3,0
984,1086,8,2026-03-31 17:24:00,2026-04-05 10:37:00,VPN,P4,0
985,1044,4,2026-03-31 13:20:00,2026-03-31 13:57:00,Printer,P1,0
986,1023,10,2026-03-31 12:16:00,2026-03-31 13:28:00,Software,P1,0
987,1293,4,2026-03-31 11:50:00,2026-03-31 19:17:00,Email,P4,0
988,1224,6,2026-04-01 10:43:00,2026-04-02 15:24:00,Laptop / Hardware,P4,0
989,1215,1,2026-04-01 08:43:00,2026-04-02 00:11:00,Login / MFA,P4,0
990,1346,6,2026-04-01 08:35:00,2026-04-02 10:45:00,VPN,P3,0
991,1107,6,2026-04-01 12:33:00,2026-04-02 19:18:00,Laptop / Hardware,P3,0
992,1225,1,2026-04-01 17:41:00,2026-04-04 05:04:00,Login / MFA,P4,0
993,1205,5,2026-04-01 08:21:00,2026-04-02 19:03:00,Printer,P3,0
994,1051,3,2026-04-01 16:42:00,2026-04-02 00:14:00,Access Request,P2,0
995,1069,7,2026-04-01 08:06:00,2026-04-03 05:32:00,VPN,P4,0
996,1115,10,2026-04-01 12:30:00,2026-04-02 12:52:00,Software,P3,0
997,1200,1,2026-04-01 09:16:00,2026-04-02 15:56:00,Login / MFA,P3,0
998,1238,2,2026-04-01 14:00:00,2026-04-02 02:45:00,Access Request,P3,0
999,1308,6,2026-04-01 15:32:00,2026-04-02 03:33:00,Network Outage,P2,0
1000,1388,7,2026-04-01 11:20:00,2026-04-01 19:02:00,VPN,P3,0
1001,1045,4,2026-04-01 09:03:00,2026-04-01 20:01:00,Login / MFA,P3,0
1002,1425,9,2026-04-01 10:55:00,2026-04-02 08:40:00,Software,P4,0
1003,1161,4,2026-04-02 16:13:00,2026-04-03 04:50:00,Printer,P3,0
1004,1095,4,2026-04-02 08:16:00,2026-04-03 17:14:00,Printer,P3,0
1005,1209,5,2026-04-02 17:44:00,2026-04-03 03:35:00,Login / MFA,P2,0
1006,1338,9,2026-04-02 12:58:00,2026-04-03 08:33:00,Software,P3,0
1007,1229,1,2026-04-02 15:55:00,2026-04-03 23:45:00,Printer,P4,0
1008,1082,6,2026-04-02 13:30:00,2026-04-03 03:47:00,Network Outage,P2,0
1009,1303,8,2026-04-02 10:01:00,2026-04-03 18:22:00,VPN,P4,0
1010,1418,7,2026-04-02 11:53:00,2026-04-05 17:21:00,VPN,P4,0
1011,1211,7,2026-04-02 10:03:00,2026-04-03 08:36:00,Laptop / Hardware,P2,0
1012,1069,7,2026-04-02 08:08:00,2026-04-02 21:45:00,VPN,P2,1
1013,1301,8,2026-04-02 14:27:00,2026-04-04 10:03:00,VPN,P4,0
1014,1233,2,2026-04-02 09:05:00,2026-04-03 05:55:00,Login / MFA,P3,0
1015,1071,9,2026-04-03 09:14:00,2026-04-03 19:05:00,Software,P3,0
1016,1218,2,2026-04-03 09:38:00,2026-04-04 19:46:00,Login / MFA,P4,0
1017,1377,10,2026-04-03 16:13:00,2026-04-04 02:57:00,Software,P3,0
1018,1024,5,2026-04-03 16:48:00,2026-04-04 06:52:00,Email,P3,0
1019,1242,8,2026-04-03 09:09:00,2026-04-05 12:53:00,Laptop / Hardware,P3,1
1020,1131,9,2026-04-03 12:56:00,2026-04-04 23:50:00,Software,P4,0
1021,1176,6,2026-04-03 15:03:00,2026-04-04 18:17:00,VPN,P3,1
1022,1389,2,2026-04-03 08:23:00,2026-04-06 18:37:00,Access Request,P4,0
1023,1262,2,2026-04-03 14:58:00,2026-04-04 04:40:00,Access Request,P3,0
1024,1131,1,2026-04-03 09:10:00,2026-04-05 11:06:00,Access Request,P3,0
1025,1205,7,2026-04-03 09:32:00,2026-04-04 09:59:00,Laptop / Hardware,P3,0
1026,1428,7,2026-04-03 08:58:00,2026-04-05 06:55:00,VPN,P3,0
1027,1366,4,2026-04-03 13:49:00,2026-04-04 11:35:00,Login / MFA,P3,1
1028,1199,7,2026-04-03 13:53:00,2026-04-06 16:21:00,Laptop / Hardware,P3,0
1029,1260,5,2026-04-06 12:48:00,2026-04-06 20:49:00,Login / MFA,P3,1
1030,1234,7,2026-04-06 16:55:00,2026-04-06 22:06:00,Network Outage,P2,0
1031,1205,6,2026-04-06 13:24:00,2026-04-09 01:31:00,VPN,P4,0
1032,1296,9,2026-04-06 14:57:00,2026-04-08 22:26:00,Software,P4,0
1033,1205,2,2026-04-06 09:44:00,2026-04-08 18:09:00,Login / MFA,P4,0
1034,1335,3,2026-04-06 17:05:00,2026-04-06 23:59:00,Login / MFA,P3,0
1035,1125,9,2026-04-06 08:04:00,2026-04-06 17:56:00,Software,P3,0
1036,1138,7,2026-04-06 11:46:00,2026-04-08 05:18:00,VPN,P3,0
1037,1388,7,2026-04-06 11:36:00,2026-04-06 23:51:00,Network Outage,P2,0
1038,1242,5,2026-04-06 11:09:00,2026-04-07 12:03:00,Access Request,P3,0
1039,1413,7,2026-04-06 13:07:00,2026-04-07 23:23:00,Laptop / Hardware,P3,0
1040,1024,9,2026-04-06 11:09:00,2026-04-07 03:04:00,Software,P3,0
1041,1395,10,2026-04-06 10:19:00,2026-04-06 11:49:00,Software,P1,0
1042,1023,5,2026-04-06 15:14:00,2026-04-07 07:12:00,Access Request,P3,0
1043,1310,1,2026-04-06 17:58:00,2026-04-10 00:23:00,Access Request,P4,0
1044,1242,1,2026-04-06 15:15:00,2026-04-06 16:49:00,Login / MFA,P2,0
1045,1275,3,2026-04-07 12:18:00,2026-04-08 02:08:00,Access Request,P3,0
1046,1006,9,2026-04-07 10:06:00,2026-04-08 16:02:00,Software,P3,1
1047,1366,3,2026-04-07 16:11:00,2026-04-07 20:43:00,Login / MFA,P2,0
1048,1348,7,2026-04-07 17:23:00,2026-04-09 09:31:00,VPN,P4,0
1049,1407,2,2026-04-07 14:18:00,2026-04-09 06:05:00,Printer,P4,0
1050,1095,9,2026-04-07 09:51:00,2026-04-07 21:31:00,Software,P3,0
1051,1305,7,2026-04-07 08:59:00,2026-04-07 21:47:00,VPN,P3,0
1052,1233,6,2026-04-07 16:22:00,2026-04-08 09:34:00,VPN,P3,0
1053,1291,9,2026-04-07 09:51:00,2026-04-09 12:26:00,Software,P4,0
1054,1387,9,2026-04-07 15:58:00,2026-04-09 18:28:00,Software,P4,0
1055,1034,10,2026-04-07 11:27:00,2026-04-07 18:43:00,Software,P2,0
1056,1357,2,2026-04-07 14:10:00,2026-04-09 13:09:00,Access Request,P4,0
1057,1027,4,2026-04-08 17:05:00,2026-04-09 03:25:00,Email,P3,0
1058,1154,1,2026-04-08 08:40:00,2026-04-09 01:10:00,Email,P3,0
1059,1138,8,2026-04-08 14:32:00,2026-04-09 16:32:00,Laptop / Hardware,P3,0
1060,1049,5,2026-04-08 08:33:00,2026-04-09 04:53:00,Login / MFA,P4,0
1061,1279,5,2026-04-08 08:07:00,2026-04-09 09:46:00,Access Request,P3,0
1062,1220,3,2026-04-08 17:33:00,2026-04-09 00:05:00,Login / MFA,P2,0
1063,1257,6,2026-04-08 08:21:00,2026-04-10 21:11:00,VPN,P4,0
1064,1366,5,2026-04-08 08:23:00,2026-04-08 17:49:00,Printer,P3,0
1065,1242,1,2026-04-08 16:09:00,2026-04-08 22:53:00,Printer,P3,0
1066,1374,8,2026-04-08 11:17:00,2026-04-09 00:58:00,VPN,P2,0
1067,1346,10,2026-04-08 08:23:00,2026-04-08 20:41:00,Software,P4,0
1068,1226,9,2026-04-08 15:15:00,2026-04-09 12:32:00,Software,P4,0
1069,1255,10,2026-04-08 11:27:00,2026-04-09 08:55:00,Software,P4,0
1070,1205,9,2026-04-08 17:35:00,2026-04-09 16:00:00,Software,P3,0
1071,1164,8,2026-04-08 08:55:00,2026-04-10 14:55:00,Laptop / Hardware,P4,0
1072,1305,6,2026-04-08 17:03:00,2026-04-10 23:40:00,VPN,P3,0
1073,1243,2,2026-04-08 16:31:00,2026-04-08 18:05:00,Login / MFA,P1,0
1074,1154,9,2026-04-08 15:52:00,2026-04-09 11:24:00,Software,P4,0
1075,1265,2,2026-04-08 10:40:00,2026-04-08 15:21:00,Access Request,P4,0
1076,1229,2,2026-04-08 09:50:00,2026-04-08 14:00:00,Login / MFA,P2,0
1077,1049,4,2026-04-08 11:23:00,2026-04-08 18:49:00,Login / MFA,P3,0
1078,1131,9,2026-04-09 16:48:00,2026-04-09 21:23:00,Software,P2,0
1079,1315,5,2026-04-09 11:02:00,2026-04-10 02:26:00,Email,P3,0
1080,1215,1,2026-04-09 10:38:00,2026-04-10 11:42:00,Login / MFA,P4,0
1081,1168,8,2026-04-09 12:10:00,2026-04-09 21:07:00,Laptop / Hardware,P3,0
1082,1341,1,2026-04-09 09:44:00,2026-04-10 07:26:00,Login / MFA,P4,0
1083,1005,1,2026-04-09 16:30:00,2026-04-10 05:16:00,Login / MFA,P3,0
1084,1411,6,2026-04-09 10:59:00,2026-04-10 19:44:00,Laptop / Hardware,P4,0
1085,1120,1,2026-04-09 12:43:00,2026-04-11 02:55:00,Login / MFA,P4,0
1086,1362,4,2026-04-09 11:03:00,2026-04-10 06:41:00,Email,P3,1
1087,1356,7,2026-04-09 08:12:00,2026-04-11 08:42:00,Laptop / Hardware,P3,0
1088,1357,6,2026-04-09 10:09:00,2026-04-10 21:39:00,VPN,P3,1
1089,1257,6,2026-04-09 15:57:00,2026-04-11 01:40:00,Laptop / Hardware,P4,0
1090,1265,5,2026-04-09 13:45:00,2026-04-10 10:28:00,Email,P3,0
1091,1021,5,2026-04-09 17:50:00,2026-04-10 08:59:00,Email,P3,0
1092,1193,4,2026-04-09 16:58:00,2026-04-09 21:25:00,Access Request,P2,0
1093,1259,4,2026-04-09 17:02:00,2026-04-09 23:54:00,Access Request,P3,0
1094,1120,10,2026-04-09 11:07:00,2026-04-10 15:23:00,Software,P3,0
1095,1281,8,2026-04-09 08:49:00,2026-04-10 14:34:00,Network Outage,P2,0
1096,1233,6,2026-04-09 11:59:00,2026-04-09 13:45:00,VPN,P1,0
1097,1275,6,2026-04-09 10:04:00,2026-04-09 13:18:00,Network Outage,P1,0
1098,1366,7,2026-04-09 13:46:00,2026-04-11 00:45:00,VPN,P3,0
1099,1142,9,2026-04-09 17:56:00,2026-04-11 13:55:00,Software,P4,0
1100,1339,2,2026-04-10 16:56:00,2026-04-11 02:08:00,Access Request,P3,0
1101,1262,7,2026-04-10 11:18:00,2026-04-10 17:49:00,VPN,P2,0
1102,1133,8,2026-04-10 13:51:00,2026-04-14 17:53:00,Laptop / Hardware,P4,0
1103,1236,3,2026-04-10 15:09:00,2026-04-11 13:18:00,Login / MFA,P4,0
1104,1105,6,2026-04-10 14:14:00,2026-04-16 03:20:00,VPN,P4,0
1105,1046,6,2026-04-10 15:34:00,2026-04-11 04:18:00,VPN,P3,1
1106,1143,8,2026-04-10 14:44:00,2026-04-10 23:59:00,Laptop / Hardware,P3,0
1107,1341,9,2026-04-10 09:46:00,2026-04-10 19:30:00,Software,P2,0
1108,1059,7,2026-04-10 11:22:00,2026-04-11 06:03:00,Laptop / Hardware,P3,1
1109,1019,6,2026-04-10 10:17:00,2026-04-12 13:49:00,VPN,P4,0
1110,1099,6,2026-04-10 11:42:00,2026-04-10 21:21:00,Laptop / Hardware,P3,0
1111,1335,1,2026-04-10 09:33:00,2026-04-11 09:52:00,Login / MFA,P4,0
1112,1373,4,2026-04-10 13:02:00,2026-04-10 15:57:00,Email,P2,1
1113,1120,5,2026-04-10 14:52:00,2026-04-11 15:56:00,Printer,P4,0
1114,1417,10,2026-04-10 11:42:00,2026-04-11 06:02:00,Software,P4,0
1115,1207,2,2026-04-10 10:46:00,2026-04-10 22:53:00,Login / MFA,P4,0
1116,1280,6,2026-04-10 11:27:00,2026-04-10 23:31:00,Laptop / Hardware,P2,1
1117,1271,8,2026-04-10 09:53:00,2026-04-10 21:51:00,Laptop / Hardware,P2,0
1118,1199,10,2026-04-10 16:37:00,2026-04-12 02:30:00,Software,P3,0
1119,1355,8,2026-04-10 17:31:00,2026-04-11 16:31:00,Laptop / Hardware,P4,0
1120,1095,7,2026-04-13 11:57:00,2026-04-14 04:56:00,VPN,P3,0
1121,1214,1,2026-04-13 12:15:00,2026-04-15 02:20:00,Printer,P4,0
1122,1308,3,2026-04-13 10:04:00,2026-04-13 14:27:00,Login / MFA,P2,0
1123,1072,8,2026-04-13 12:00:00,2026-04-15 15:56:00,VPN,P4,0
1124,1342,7,2026-04-13 15:44:00,2026-04-13 22:23:00,Network Outage,P1,0
1125,1242,9,2026-04-13 17:10:00,2026-04-15 13:26:00,Software,P4,0
1126,1055,2,2026-04-13 10:04:00,2026-04-13 20:19:00,Login / MFA,P3,0
1127,1012,1,2026-04-13 08:05:00,2026-04-13 13:18:00,Access Request,P3,1
1128,1167,3,2026-04-13 08:47:00,2026-04-14 08:49:00,Email,P3,0
1129,1344,4,2026-04-13 11:36:00,2026-04-13 16:00:00,Printer,P2,0
1130,1427,7,2026-04-13 15:39:00,2026-04-14 21:21:00,Laptop / Hardware,P4,0
1131,1327,8,2026-04-13 16:59:00,2026-04-14 06:37:00,Network Outage,P2,0
1132,1091,4,2026-04-13 15:34:00,2026-04-13 17:56:00,Access Request,P2,0
1133,1382,8,2026-04-13 09:13:00,2026-04-14 19:36:00,VPN,P3,0
1134,1062,4,2026-04-13 12:39:00,2026-04-13 21:56:00,Email,P3,0
1135,1166,9,2026-04-13 15:33:00,2026-04-14 11:42:00,Software,P3,0
1136,1277,5,2026-04-13 14:54:00,2026-04-14 01:12:00,Access Request,P4,0
1137,1138,1,2026-04-13 09:12:00,2026-04-13 20:32:00,Login / MFA,P3,0
1138,1138,9,2026-04-13 16:27:00,2026-04-15 07:04:00,Software,P4,1
1139,1189,5,2026-04-13 14:31:00,2026-04-14 06:08:00,Login / MFA,P4,0
1140,1388,8,2026-04-13 11:04:00,2026-04-22 04:29:00,VPN,P4,0
1141,1205,7,2026-04-13 16:48:00,2026-04-15 12:30:00,Laptop / Hardware,P4,0
1142,1029,6,2026-04-13 15:52:00,2026-04-18 02:39:00,VPN,P4,0
1143,1244,8,2026-04-14 12:22:00,2026-04-15 07:18:00,VPN,P2,0
1144,1382,7,2026-04-14 12:38:00,2026-04-15 07:23:00,Laptop / Hardware,P2,0
1145,1030,8,2026-04-14 11:06:00,2026-04-16 12:27:00,Laptop / Hardware,P3,0
1146,1357,6,2026-04-14 09:46:00,2026-04-16 22:44:00,Laptop / Hardware,P4,0
1147,1141,6,2026-04-14 08:14:00,2026-04-14 22:15:00,Network Outage,P2,0
1148,1171,1,2026-04-14 16:08:00,2026-04-18 18:33:00,Email,P3,0
1149,1367,3,2026-04-14 11:07:00,2026-04-14 19:10:00,Email,P4,0
1150,1049,4,2026-04-14 09:43:00,2026-04-15 00:20:00,Access Request,P3,0
1151,1057,6,2026-04-14 15:51:00,2026-04-19 20:28:00,VPN,P4,0
1152,1279,2,2026-04-14 08:16:00,2026-04-14 16:40:00,Login / MFA,P2,0
1153,1305,7,2026-04-14 11:50:00,2026-04-16 16:07:00,VPN,P4,0
1154,1091,7,2026-04-14 10:52:00,2026-04-16 12:21:00,VPN,P3,0
1155,1283,2,2026-04-14 16:34:00,2026-04-14 17:48:00,Printer,P1,0
1156,1146,8,2026-04-14 17:11:00,2026-04-15 12:10:00,VPN,P3,1
1157,1007,5,2026-04-14 14:42:00,2026-04-15 11:00:00,Access Request,P3,0
1158,1310,5,2026-04-15 10:18:00,2026-04-18 03:35:00,Printer,P4,0
1159,1023,5,2026-04-15 09:02:00,2026-04-15 18:31:00,Email,P2,0
1160,1006,10,2026-04-15 14:08:00,2026-04-16 15:23:00,Software,P3,0
1161,1049,4,2026-04-15 17:40:00,2026-04-16 11:44:00,Access Request,P3,0
1162,1057,3,2026-04-15 17:14:00,2026-04-17 08:25:00,Email,P4,1
1163,1411,9,2026-04-16 11:15:00,2026-04-16 16:14:00,Software,P2,0
1164,1015,4,2026-04-16 17:23:00,2026-04-17 00:34:00,Access Request,P3,0
1165,1062,6,2026-04-16 10:07:00,2026-04-19 16:00:00,VPN,P4,0
1166,1133,1,2026-04-16 11:35:00,2026-04-17 03:55:00,Email,P3,0
1167,1439,9,2026-04-16 13:02:00,2026-04-16 18:03:00,Software,P2,0
1168,1289,6,2026-04-16 08:17:00,2026-04-17 04:56:00,VPN,P3,0
1169,1243,4,2026-04-16 11:20:00,2026-04-16 22:35:00,Access Request,P3,0
1170,1141,2,2026-04-16 08:52:00,2026-04-17 05:02:00,Access Request,P4,0
1171,1064,9,2026-04-16 08:28:00,2026-04-16 23:15:00,Software,P4,0
1172,1004,2,2026-04-16 17:27:00,2026-04-18 00:52:00,Access Request,P4,0
1173,1057,6,2026-04-16 10:42:00,2026-04-17 13:47:00,Laptop / Hardware,P4,0
1174,1069,4,2026-04-16 12:13:00,2026-04-17 01:09:00,Email,P3,0
1175,1217,8,2026-04-16 16:22:00,2026-04-16 19:00:00,Laptop / Hardware,P2,0
1176,1149,5,2026-04-16 13:56:00,2026-04-17 17:19:00,Email,P4,0
1177,1427,4,2026-04-16 09:58:00,2026-04-17 03:26:00,Access Request,P3,0
1178,1398,1,2026-04-16 13:06:00,2026-04-16 20:30:00,Access Request,P3,0
1179,1200,6,2026-04-17 08:42:00,2026-04-17 11:39:00,Network Outage,P1,0
1180,1407,7,2026-04-17 10:51:00,2026-04-18 06:58:00,Laptop / Hardware,P3,0
1181,1166,5,2026-04-17 12:57:00,2026-04-18 00:41:00,Access Request,P3,0
1182,1375,6,2026-04-17 12:50:00,2026-04-18 04:52:00,VPN,P3,0
1183,1015,4,2026-04-17 12:18:00,2026-04-17 17:43:00,Access Request,P3,0
1184,1141,10,2026-04-17 16:14:00,2026-04-19 04:25:00,Software,P3,0
1185,1305,8,2026-04-17 08:23:00,2026-04-17 17:00:00,Laptop / Hardware,P2,0
1186,1198,7,2026-04-17 08:08:00,2026-04-21 07:18:00,VPN,P4,0
1187,1027,4,2026-04-17 16:44:00,2026-04-18 04:22:00,Login / MFA,P4,0
1188,1147,8,2026-04-17 17:08:00,2026-04-18 22:43:00,VPN,P3,0
1189,1233,7,2026-04-17 13:37:00,2026-04-19 06:57:00,VPN,P3,0
1190,1242,2,2026-04-20 11:30:00,2026-04-24 10:44:00,Email,P4,0
1191,1338,5,2026-04-20 15:19:00,2026-04-21 11:38:00,Login / MFA,P4,0
1192,1283,3,2026-04-20 16:39:00,2026-04-22 19:41:00,Email,P4,0
1193,1049,1,2026-04-20 15:03:00,2026-04-21 20:00:00,Access Request,P3,0
1194,1117,6,2026-04-20 14:55:00,2026-04-23 02:09:00,VPN,P4,0
1195,1260,10,2026-04-20 09:30:00,2026-04-20 21:49:00,Software,P3,0
1196,1335,5,2026-04-20 16:47:00,2026-04-21 19:27:00,Printer,P3,0
1197,1370,1,2026-04-20 11:36:00,2026-04-20 14:41:00,Email,P2,0
1198,1148,8,2026-04-20 12:00:00,2026-04-21 00:52:00,Network Outage,P2,0
1199,1201,1,2026-04-20 12:25:00,2026-04-21 02:44:00,Email,P4,0
1200,1022,7,2026-04-20 09:01:00,2026-04-22 02:33:00,VPN,P4,0
1201,1220,3,2026-04-20 16:04:00,2026-04-22 15:48:00,Access Request,P4,0
1202,1131,8,2026-04-20 09:53:00,2026-04-20 18:16:00,VPN,P3,0
1203,1224,6,2026-04-20 12:19:00,2026-04-22 17:08:00,VPN,P4,0
1204,1243,8,2026-04-20 15:18:00,2026-04-21 19:57:00,VPN,P3,1
1205,1069,7,2026-04-20 13:43:00,2026-04-22 01:00:00,VPN,P3,0
1206,1026,2,2026-04-20 12:55:00,2026-04-20 20:51:00,Login / MFA,P2,0
1207,1054,1,2026-04-21 14:26:00,2026-04-22 09:02:00,Email,P3,0
1208,1028,6,2026-04-21 17:02:00,2026-04-22 04:08:00,VPN,P3,0
1209,1024,9,2026-04-21 10:04:00,2026-04-22 04:50:00,Software,P3,0
1210,1240,8,2026-04-21 13:25:00,2026-04-23 07:39:00,VPN,P3,0
1211,1242,8,2026-04-21 15:41:00,2026-04-22 02:33:00,Network Outage,P2,0
1212,1062,10,2026-04-21 10:16:00,2026-04-23 06:51:00,Software,P4,0
1213,1410,1,2026-04-21 12:24:00,2026-04-22 00:34:00,Access Request,P3,1
1214,1057,8,2026-04-21 15:22:00,2026-04-26 01:49:00,VPN,P4,0
1215,1215,5,2026-04-21 17:28:00,2026-04-21 18:19:00,Login / MFA,P1,0
1216,1266,3,2026-04-21 11:10:00,2026-04-21 14:53:00,Printer,P2,0
1217,1008,4,2026-04-21 12:00:00,2026-04-21 16:00:00,Login / MFA,P3,0
1218,1113,2,2026-04-21 16:58:00,2026-04-22 17:20:00,Login / MFA,P3,0
1219,1226,2,2026-04-21 17:19:00,2026-04-24 00:52:00,Email,P4,0
1220,1387,6,2026-04-22 08:43:00,2026-04-23 08:29:00,VPN,P3,0
1221,1004,6,2026-04-22 11:26:00,2026-04-23 10:40:00,VPN,P4,0
1222,1305,6,2026-04-22 14:21:00,2026-04-22 23:49:00,VPN,P3,0
1223,1335,10,2026-04-22 10:13:00,2026-04-24 13:45:00,Software,P4,0
1224,1279,6,2026-04-22 11:45:00,2026-04-22 16:12:00,Network Outage,P2,0
1225,1082,5,2026-04-22 10:03:00,2026-04-23 03:00:00,Email,P4,0
1226,1395,6,2026-04-22 12:53:00,2026-04-23 11:43:00,Laptop / Hardware,P3,0
1227,1098,10,2026-04-22 09:21:00,2026-04-23 13:10:00,Software,P3,0
1228,1138,7,2026-04-22 14:38:00,2026-04-22 22:47:00,VPN,P3,0
1229,1355,6,2026-04-22 14:47:00,2026-04-23 04:32:00,Laptop / Hardware,P3,0
1230,1398,6,2026-04-22 12:52:00,2026-04-22 14:58:00,VPN,P1,1
1231,1111,5,2026-04-22 16:55:00,2026-04-22 22:29:00,Access Request,P3,0
1232,1207,8,2026-04-22 14:28:00,2026-04-22 19:02:00,VPN,P2,0
1233,1363,8,2026-04-22 14:54:00,2026-04-23 16:59:00,VPN,P4,0
1234,1229,6,2026-04-22 10:30:00,2026-04-24 05:10:00,Laptop / Hardware,P4,0
1235,1150,8,2026-04-23 17:13:00,2026-04-30 18:32:00,VPN,P4,0
1236,1069,2,2026-04-23 11:16:00,2026-04-24 07:39:00,Access Request,P4,0
1237,1095,7,2026-04-23 10:36:00,2026-04-23 14:44:00,VPN,P1,0
1238,1233,10,2026-04-23 08:47:00,2026-04-24 00:17:00,Software,P3,0
1239,1224,2,2026-04-23 09:58:00,2026-04-24 20:44:00,Email,P4,0
1240,1176,3,2026-04-23 12:41:00,2026-04-24 02:58:00,Access Request,P3,0
1241,1398,5,2026-04-23 10:09:00,2026-04-23 16:51:00,Login / MFA,P3,0
1242,1175,9,2026-04-23 10:33:00,2026-04-23 20:41:00,Software,P3,0
1243,1086,9,2026-04-23 16:48:00,2026-04-27 02:38:00,Software,P4,0
1244,1243,2,2026-04-23 13:53:00,2026-04-24 08:03:00,Email,P3,0
1245,1242,8,2026-04-23 12:43:00,2026-04-24 18:19:00,VPN,P4,0
1246,1338,1,2026-04-23 17:55:00,2026-04-23 20:09:00,Email,P2,0
1247,1238,1,2026-04-23 13:53:00,2026-04-23 20:58:00,Printer,P3,0
1248,1001,2,2026-04-23 14:36:00,2026-04-24 03:54:00,Access Request,P3,0
1249,1209,8,2026-04-23 13:37:00,2026-04-28 17:38:00,Laptop / Hardware,P4,0
1250,1074,8,2026-04-23 10:43:00,2026-04-23 21:57:00,VPN,P2,0
1251,1279,2,2026-04-24 11:23:00,2026-04-25 00:31:00,Access Request,P3,0
1252,1410,9,2026-04-24 15:58:00,2026-04-25 01:47:00,Software,P3,0
1253,1287,10,2026-04-24 08:58:00,2026-04-25 12:07:00,Software,P4,0
1254,1049,2,2026-04-24 09:21:00,2026-04-24 14:30:00,Access Request,P2,0
1255,1224,5,2026-04-24 13:31:00,2026-04-25 08:32:00,Access Request,P4,0
1256,1391,3,2026-04-24 13:36:00,2026-04-26 08:11:00,Login / MFA,P4,0
1257,1118,9,2026-04-24 14:25:00,2026-04-25 03:55:00,Software,P3,0
1258,1032,4,2026-04-24 14:13:00,2026-04-25 05:00:00,Access Request,P3,0
1259,1024,7,2026-04-24 17:34:00,2026-04-25 21:10:00,Laptop / Hardware,P4,0
1260,1355,10,2026-04-24 10:43:00,2026-04-26 05:08:00,Software,P4,0
1261,1341,6,2026-04-27 10:09:00,2026-04-30 10:00:00,Laptop / Hardware,P4,0
1262,1363,7,2026-04-27 13:40:00,2026-04-28 01:24:00,VPN,P2,0
1263,1268,7,2026-04-27 08:20:00,2026-04-28 01:59:00,VPN,P3,0
1264,1147,6,2026-04-27 17:19:00,2026-04-28 02:23:00,VPN,P2,0
1265,1243,3,2026-04-27 11:15:00,2026-04-28 11:27:00,Access Request,P4,0
1266,1339,1,2026-04-27 17:23:00,2026-04-27 22:51:00,Email,P2,0
1267,1351,10,2026-04-27 15:00:00,2026-04-27 21:23:00,Software,P2,0
1268,1262,1,2026-04-27 12:02:00,2026-04-27 20:24:00,Printer,P3,0
1269,1202,5,2026-04-27 10:59:00,2026-04-27 23:42:00,Access Request,P4,0
1270,1029,2,2026-04-27 13:40:00,2026-04-28 13:49:00,Printer,P3,1
1271,1049,3,2026-04-27 08:13:00,2026-04-27 16:29:00,Login / MFA,P3,0
1272,1265,4,2026-04-27 10:29:00,2026-04-27 17:25:00,Email,P2,1
1273,1171,5,2026-04-27 08:29:00,2026-04-28 21:42:00,Email,P4,0
1274,1281,3,2026-04-27 16:51:00,2026-05-01 02:58:00,Printer,P4,0
1275,1224,5,2026-04-27 16:33:00,2026-04-27 21:12:00,Access Request,P2,0
1276,1172,2,2026-04-27 17:33:00,2026-04-29 11:40:00,Login / MFA,P3,0
1277,1086,6,2026-04-27 15:01:00,2026-04-29 04:30:00,VPN,P3,0
1278,1360,2,2026-04-27 08:58:00,2026-04-27 19:06:00,Login / MFA,P3,0
1279,1118,3,2026-04-27 14:58:00,2026-04-28 00:37:00,Access Request,P3,0
1280,1262,2,2026-04-27 17:35:00,2026-04-27 21:31:00,Email,P2,0
1281,1045,8,2026-04-27 15:11:00,2026-04-27 18:48:00,VPN,P2,0
1282,1418,7,2026-04-27 17:05:00,2026-04-28 10:33:00,VPN,P3,0
1283,1062,6,2026-04-27 17:31:00,2026-04-28 12:34:00,Laptop / Hardware,P3,0
1284,1308,4,2026-04-28 15:48:00,2026-04-29 08:44:00,Login / MFA,P4,0
1285,1234,10,2026-04-28 12:25:00,2026-05-01 06:46:00,Software,P4,0
1286,1189,3,2026-04-28 13:46:00,2026-04-30 15:23:00,Email,P4,0
1287,1279,7,2026-04-28 17:22:00,2026-04-29 01:23:00,VPN,P3,0
1288,1258,1,2026-04-28 12:05:00,2026-04-29 04:54:00,Login / MFA,P2,0
1289,1034,10,2026-04-28 16:33:00,2026-05-01 15:12:00,Software,P3,0
1290,1154,2,2026-04-28 08:24:00,2026-04-29 02:04:00,Login / MFA,P4,0
1291,1396,7,2026-04-28 08:26:00,2026-04-28 19:39:00,Laptop / Hardware,P3,0
1292,1069,9,2026-04-28 15:40:00,2026-04-28 23:18:00,Software,P2,0
1293,1229,2,2026-04-28 11:36:00,2026-04-29 04:10:00,Printer,P4,0
1294,1270,4,2026-04-28 16:50:00,2026-04-29 02:41:00,Access Request,P3,0
1295,1051,5,2026-04-28 11:50:00,2026-04-28 20:05:00,Login / MFA,P2,0
1296,1086,9,2026-04-28 15:35:00,2026-04-29 01:58:00,Software,P3,1
1297,1139,4,2026-04-28 09:53:00,2026-04-30 03:38:00,Login / MFA,P4,0
1298,1255,6,2026-04-28 14:24:00,2026-04-29 10:45:00,VPN,P3,0
1299,1095,2,2026-04-29 15:33:00,2026-04-30 14:54:00,Login / MFA,P3,0
1300,1049,2,2026-04-29 17:35:00,2026-05-01 02:38:00,Login / MFA,P4,0
1301,1307,6,2026-04-29 15:11:00,2026-04-30 03:35:00,VPN,P3,0
1302,1081,6,2026-04-29 09:05:00,2026-04-29 21:52:00,VPN,P3,0
1303,1204,4,2026-04-29 15:37:00,2026-05-01 08:15:00,Login / MFA,P4,0
1304,1039,2,2026-04-29 16:46:00,2026-04-29 17:48:00,Access Request,P1,0
1305,1388,5,2026-04-29 09:17:00,2026-05-01 22:42:00,Printer,P4,0
1306,1335,8,2026-04-29 09:46:00,2026-04-29 18:44:00,Network Outage,P2,0
1307,1281,7,2026-04-29 16:59:00,2026-04-30 08:22:00,VPN,P2,0
1308,1301,3,2026-04-29 17:46:00,2026-04-30 09:33:00,Access Request,P3,1
1309,1154,9,2026-04-29 09:44:00,2026-04-29 22:41:00,Software,P3,0
1310,1081,1,2026-04-29 16:04:00,2026-04-29 19:38:00,Access Request,P3,0
1311,1005,8,2026-04-29 09:52:00,2026-05-02 03:12:00,VPN,P4,0
1312,1181,7,2026-04-29 16:40:00,2026-04-29 20:56:00,Laptop / Hardware,P2,0
1313,1405,4,2026-04-29 14:35:00,2026-04-30 16:11:00,Printer,P4,1
1314,1007,9,2026-04-29 12:41:00,2026-04-30 02:56:00,Software,P3,0
1315,1081,5,2026-04-29 10:16:00,2026-04-29 13:29:00,Printer,P2,0
1316,1229,8,2026-04-29 08:46:00,2026-04-29 23:59:00,Laptop / Hardware,P2,0
1317,1084,7,2026-04-30 15:48:00,2026-05-04 05:13:00,Laptop / Hardware,P4,0
1318,1010,10,2026-04-30 16:40:00,2026-05-01 17:27:00,Software,P3,0
1319,1056,3,2026-04-30 08:41:00,2026-05-01 06:20:00,Access Request,P4,0
1320,1005,9,2026-04-30 10:38:00,2026-05-01 17:54:00,Software,P3,0
1321,1098,10,2026-04-30 16:57:00,2026-05-02 19:47:00,Software,P4,0
1322,1338,8,2026-04-30 09:53:00,2026-05-02 01:18:00,Laptop / Hardware,P3,0
1323,1209,1,2026-04-30 15:23:00,2026-04-30 23:50:00,Email,P2,0
1324,1344,8,2026-04-30 13:13:00,2026-04-30 16:14:00,VPN,P2,0
1325,1039,5,2026-04-30 16:32:00,2026-05-02 05:21:00,Login / MFA,P3,0
1326,1335,4,2026-04-30 10:38:00,2026-05-01 00:57:00,Login / MFA,P4,0
1327,1057,1,2026-04-30 14:39:00,2026-04-30 18:20:00,Email,P3,0
1328,1229,2,2026-05-01 16:38:00,2026-05-02 06:44:00,Printer,P3,0
1329,1208,1,2026-05-01 09:12:00,2026-05-01 21:20:00,Login / MFA,P3,0
1330,1065,7,2026-05-01 12:54:00,2026-05-03 18:04:00,VPN,P4,0
1331,1210,7,2026-05-01 17:43:00,2026-05-02 15:36:00,VPN,P4,0
1332,1118,8,2026-05-01 13:23:00,2026-05-01 17:45:00,Network Outage,P2,0
1333,1354,5,2026-05-01 09:15:00,2026-05-02 15:50:00,Email,P4,0
1334,1214,9,2026-05-01 13:25:00,2026-05-02 06:24:00,Software,P3,0
1335,1228,8,2026-05-01 11:34:00,2026-05-03 21:00:00,VPN,P4,0
1336,1061,2,2026-05-01 17:47:00,2026-05-02 00:51:00,Printer,P3,0
1337,1423,6,2026-05-01 10:12:00,2026-05-05 13:11:00,Laptop / Hardware,P3,0
1338,1106,7,2026-05-01 12:17:00,2026-05-01 16:10:00,Network Outage,P2,0
1339,1243,7,2026-05-01 10:33:00,2026-05-02 23:52:00,Laptop / Hardware,P4,0
1340,1138,2,2026-05-04 13:06:00,2026-05-04 18:18:00,Access Request,P2,0
1341,1020,1,2026-05-04 09:30:00,2026-05-04 15:20:00,Printer,P4,0
1342,1409,4,2026-05-04 17:53:00,2026-05-05 14:50:00,Login / MFA,P4,0
1343,1399,6,2026-05-04 11:42:00,2026-05-05 08:14:00,Laptop / Hardware,P3,0
1344,1160,10,2026-05-04 09:09:00,2026-05-04 22:07:00,Software,P3,0
1345,1410,2,2026-05-04 15:16:00,2026-05-05 15:59:00,Login / MFA,P3,0
1346,1095,8,2026-05-04 09:06:00,2026-05-04 14:56:00,VPN,P2,0
1347,1106,9,2026-05-04 11:57:00,2026-05-05 01:31:00,Software,P3,0
1348,1239,8,2026-05-04 11:04:00,2026-05-06 14:31:00,VPN,P4,0
1349,1086,8,2026-05-04 09:47:00,2026-05-04 21:22:00,Laptop / Hardware,P3,0
1350,1405,9,2026-05-04 09:42:00,2026-05-05 01:16:00,Software,P3,0
1351,1424,4,2026-05-04 17:02:00,2026-05-05 16:39:00,Printer,P3,1
1352,1051,6,2026-05-04 16:14:00,2026-05-06 10:26:00,Laptop / Hardware,P4,0
1353,1200,5,2026-05-04 09:44:00,2026-05-05 00:09:00,Email,P3,0
1354,1190,2,2026-05-04 11:36:00,2026-05-04 22:32:00,Access Request,P3,0
1355,1434,7,2026-05-04 15:22:00,2026-05-07 01:11:00,VPN,P4,0
1356,1430,7,2026-05-04 08:42:00,2026-05-04 11:09:00,Network Outage,P1,0
1357,1024,5,2026-05-04 10:26:00,2026-05-04 18:56:00,Access Request,P3,0
1358,1424,4,2026-05-04 17:11:00,2026-05-05 07:29:00,Login / MFA,P4,0
1359,1279,6,2026-05-04 09:17:00,2026-05-05 02:58:00,Laptop / Hardware,P3,0
1360,1207,6,2026-05-04 14:15:00,2026-05-04 16:21:00,VPN,P2,0
1361,1198,5,2026-05-04 13:27:00,2026-05-05 02:56:00,Access Request,P3,0
1362,1209,8,2026-05-05 13:46:00,2026-05-05 17:37:00,Laptop / Hardware,P2,0
1363,1167,4,2026-05-05 16:44:00,2026-05-06 18:08:00,Login / MFA,P3,0
1364,1335,5,2026-05-05 15:32:00,2026-05-05 19:50:00,Access Request,P3,0
1365,1215,10,2026-05-05 09:37:00,2026-05-08 01:27:00,Software,P4,0
1366,1262,8,2026-05-05 08:50:00,2026-05-08 01:34:00,VPN,P4,0
1367,1069,7,2026-05-05 17:00:00,2026-05-06 01:37:00,Network Outage,P2,0
1368,1086,3,2026-05-05 10:29:00,2026-05-05 14:05:00,Printer,P2,0
1369,1081,2,2026-05-05 13:04:00,2026-05-06 00:44:00,Email,P4,0
1370,1351,5,2026-05-05 08:01:00,2026-05-05 17:44:00,Access Request,P3,0
1371,1436,9,2026-05-05 13:26:00,2026-05-06 01:54:00,Software,P3,1
1372,1426,2,2026-05-05 16:58:00,2026-05-08 12:22:00,Login / MFA,P4,1
1373,1239,10,2026-05-05 12:17:00,2026-05-06 05:51:00,Software,P3,0
1374,1341,3,2026-05-05 15:03:00,2026-05-06 04:33:00,Access Request,P4,0
1375,1055,10,2026-05-05 17:09:00,2026-05-12 00:50:00,Software,P4,0
1376,1141,9,2026-05-05 11:36:00,2026-05-06 13:37:00,Software,P4,0
1377,1418,6,2026-05-05 15:31:00,2026-05-07 05:43:00,VPN,P3,0
1378,1424,6,2026-05-06 15:07:00,2026-05-07 05:31:00,Network Outage,P2,0
1379,1209,5,2026-05-06 08:26:00,2026-05-07 00:02:00,Access Request,P4,1
1380,1061,5,2026-05-06 11:59:00,2026-05-06 17:31:00,Access Request,P2,0
1381,1257,5,2026-05-06 13:35:00,2026-05-06 19:29:00,Email,P2,0
1382,1038,7,2026-05-06 14:24:00,2026-05-06 21:56:00,VPN,P3,0
1383,1382,4,2026-05-06 15:16:00,2026-05-07 21:34:00,Login / MFA,P4,0
1384,1220,7,2026-05-06 09:36:00,2026-05-06 16:06:00,Laptop / Hardware,P3,0
1385,1332,10,2026-05-06 13:23:00,2026-05-07 07:23:00,Software,P3,0
1386,1371,6,2026-05-06 16:08:00,2026-05-07 09:30:00,Laptop / Hardware,P3,0
1387,1343,8,2026-05-06 12:22:00,2026-05-06 20:19:00,Network Outage,P1,0
1388,1345,9,2026-05-06 08:47:00,2026-05-06 20:55:00,Software,P4,0
1389,1341,10,2026-05-06 14:02:00,2026-05-07 22:09:00,Software,P4,0
1390,1168,10,2026-05-06 11:43:00,2026-05-07 15:34:00,Software,P3,0
1391,1007,6,2026-05-06 11:49:00,2026-05-08 13:09:00,Laptop / Hardware,P4,0
1392,1111,10,2026-05-06 11:57:00,2026-05-07 03:51:00,Software,P3,0
1393,1279,9,2026-05-06 09:26:00,2026-05-07 03:42:00,Software,P2,0
1394,1138,4,2026-05-06 11:16:00,2026-05-08 06:16:00,Email,P3,0
1395,1133,8,2026-05-07 17:59:00,2026-05-08 19:18:00,Laptop / Hardware,P3,0
1396,1074,2,2026-05-07 17:16:00,2026-05-08 01:45:00,Login / MFA,P3,0
1397,1010,6,2026-05-07 08:02:00,2026-05-09 17:01:00,VPN,P4,0
1398,1205,8,2026-05-07 14:48:00,2026-05-08 11:05:00,Network Outage,P3,0
1399,1161,7,2026-05-07 15:08:00,2026-05-12 06:36:00,Laptop / Hardware,P4,1
1400,1242,9,2026-05-07 14:22:00,2026-05-09 08:53:00,Software,P4,1
1401,1176,10,2026-05-07 14:20:00,2026-05-08 07:51:00,Software,P4,0
1402,1026,7,2026-05-07 09:00:00,2026-05-07 13:41:00,VPN,P2,0
1403,1375,5,2026-05-07 11:38:00,2026-05-07 18:24:00,Login / MFA,P4,0
1404,1012,7,2026-05-07 10:08:00,2026-05-10 07:25:00,VPN,P4,0
1405,1006,6,2026-05-07 17:20:00,2026-05-08 02:00:00,Network Outage,P2,0
1406,1006,4,2026-05-07 17:21:00,2026-05-08 07:48:00,Printer,P3,1
1407,1344,2,2026-05-07 16:23:00,2026-05-07 22:41:00,Login / MFA,P3,0
1408,1158,3,2026-05-07 14:42:00,2026-05-07 17:44:00,Login / MFA,P3,0
1409,1423,3,2026-05-07 08:30:00,2026-05-07 14:59:00,Login / MFA,P3,0
1410,1138,7,2026-05-07 09:23:00,2026-05-07 23:38:00,Laptop / Hardware,P3,0
1411,1007,9,2026-05-08 10:47:00,2026-05-08 15:07:00,Software,P2,1
1412,1440,8,2026-05-08 12:25:00,2026-05-09 20:47:00,Laptop / Hardware,P3,0
1413,1065,5,2026-05-08 14:56:00,2026-05-08 20:01:00,Access Request,P2,0
1414,1345,4,2026-05-08 14:44:00,2026-05-08 21:51:00,Access Request,P3,0
1415,1130,10,2026-05-08 13:51:00,2026-05-08 22:18:00,Software,P2,0
1416,1026,5,2026-05-08 13:00:00,2026-05-09 06:06:00,Login / MFA,P3,1
1417,1344,6,2026-05-08 15:42:00,2026-05-08 18:54:00,Network Outage,P2,0
1418,1242,6,2026-05-08 09:54:00,2026-05-08 20:46:00,VPN,P3,0
1419,1117,1,2026-05-08 14:11:00,2026-05-08 16:38:00,Email,P2,0
1420,1164,1,2026-05-08 11:51:00,2026-05-08 18:35:00,Login / MFA,P3,1
1421,1380,7,2026-05-08 11:49:00,2026-05-11 16:22:00,Laptop / Hardware,P4,0
1422,1308,4,2026-05-08 08:30:00,2026-05-08 19:44:00,Email,P3,0
1423,1123,7,2026-05-08 10:56:00,2026-05-10 00:24:00,VPN,P4,0
1424,1098,8,2026-05-08 11:13:00,2026-05-08 21:56:00,Laptop / Hardware,P2,0
1425,1131,8,2026-05-11 12:10:00,2026-05-11 21:11:00,VPN,P2,0
1426,1310,10,2026-05-11 17:35:00,2026-05-12 01:09:00,Software,P2,0
1427,1338,3,2026-05-11 11:06:00,2026-05-11 23:59:00,Access Request,P4,0
1428,1022,10,2026-05-11 10:24:00,2026-05-12 07:48:00,Software,P3,0
1429,1359,4,2026-05-11 08:33:00,2026-05-11 20:28:00,Access Request,P3,0
1430,1356,8,2026-05-11 15:37:00,2026-05-13 17:04:00,VPN,P4,0
1431,1264,5,2026-05-11 13:21:00,2026-05-11 19:52:00,Email,P3,0
1432,1392,4,2026-05-11 13:52:00,2026-05-11 14:40:00,Login / MFA,P1,0
1433,1427,6,2026-05-11 17:55:00,2026-05-16 11:28:00,Laptop / Hardware,P4,0
1434,1086,9,2026-05-11 09:17:00,2026-05-13 03:10:00,Software,P4,0
1435,1421,1,2026-05-11 12:31:00,2026-05-12 04:03:00,Login / MFA,P3,1
1436,1375,2,2026-05-11 09:31:00,2026-05-11 22:04:00,Access Request,P3,0
1437,1249,1,2026-05-11 10:24:00,2026-05-11 19:46:00,Access Request,P3,0
1438,1049,4,2026-05-11 09:58:00,2026-05-11 13:37:00,Login / MFA,P2,1
1439,1424,9,2026-05-11 10:55:00,2026-05-12 00:51:00,Software,P3,0
1440,1335,6,2026-05-11 17:38:00,2026-05-13 10:14:00,Laptop / Hardware,P3,0
1441,1160,7,2026-05-11 08:59:00,2026-05-13 12:30:00,VPN,P4,0
1442,1138,10,2026-05-11 16:49:00,2026-05-12 07:32:00,Software,P3,0
1443,1424,4,2026-05-11 10:54:00,2026-05-12 03:51:00,Access Request,P3,0
1444,1095,3,2026-05-11 10:27:00,2026-05-11 19:11:00,Email,P3,0
1445,1357,9,2026-05-11 15:10:00,2026-05-15 14:29:00,Software,P4,0
1446,1200,6,2026-05-11 14:00:00,2026-05-11 20:41:00,Network Outage,P2,0
1447,1305,3,2026-05-11 13:04:00,2026-05-12 02:24:00,Printer,P3,0
1448,1357,10,2026-05-11 15:41:00,2026-05-11 22:08:00,Software,P3,0
1449,1043,6,2026-05-11 17:00:00,2026-05-12 21:29:00,Network Outage,P2,0
1450,1410,1,2026-05-12 15:37:00,2026-05-14 00:14:00,Login / MFA,P3,1
1451,1427,7,2026-05-12 16:51:00,2026-05-14 19:31:00,VPN,P3,0
1452,1339,6,2026-05-12 11:47:00,2026-05-14 21:03:00,Laptop / Hardware,P4,0
1453,1270,2,2026-05-12 11:22:00,2026-05-12 13:58:00,Access Request,P2,0
1454,1202,4,2026-05-12 15:01:00,2026-05-14 19:32:00,Printer,P4,1
1455,1407,1,2026-05-12 13:21:00,2026-05-13 12:18:00,Access Request,P3,0
1456,1272,8,2026-05-12 15:03:00,2026-05-12 20:12:00,Laptop / Hardware,P2,0
1457,1045,7,2026-05-12 13:36:00,2026-05-12 14:25:00,Network Outage,P1,0
1458,1326,5,2026-05-12 15:26:00,2026-05-12 21:34:00,Email,P3,0
1459,1146,5,2026-05-12 13:21:00,2026-05-13 06:42:00,Access Request,P3,0
1460,1064,9,2026-05-12 09:33:00,2026-05-13 02:24:00,Software,P3,0
1461,1164,3,2026-05-12 15:57:00,2026-05-13 14:24:00,Login / MFA,P3,0
1462,1375,4,2026-05-12 15:40:00,2026-05-13 03:46:00,Printer,P3,0
1463,1335,8,2026-05-12 16:42:00,2026-05-14 15:48:00,VPN,P4,0
1464,1171,2,2026-05-12 17:20:00,2026-05-13 19:46:00,Email,P3,0
1465,1359,4,2026-05-12 11:35:00,2026-05-13 00:38:00,Login / MFA,P4,0
1466,1242,6,2026-05-12 17:40:00,2026-05-13 15:15:00,VPN,P3,0
1467,1148,5,2026-05-12 12:42:00,2026-05-12 23:51:00,Printer,P3,0
1468,1049,7,2026-05-12 16:25:00,2026-05-13 08:58:00,VPN,P3,0
1469,1296,10,2026-05-12 08:42:00,2026-05-14 06:26:00,Software,P4,0
1470,1317,1,2026-05-13 15:26:00,2026-05-13 17:02:00,Access Request,P1,0
1471,1356,4,2026-05-13 17:48:00,2026-05-14 01:57:00,Printer,P3,1
1472,1148,9,2026-05-13 12:56:00,2026-05-15 16:54:00,Software,P4,0
1473,1167,7,2026-05-13 15:20:00,2026-05-14 00:06:00,Network Outage,P2,0
1474,1084,10,2026-05-13 14:49:00,2026-05-15 09:13:00,Software,P4,0
1475,1145,7,2026-05-13 17:47:00,2026-05-15 21:17:00,Laptop / Hardware,P3,0
1476,1264,2,2026-05-13 15:40:00,2026-05-14 06:40:00,Access Request,P4,0
1477,1292,7,2026-05-13 12:17:00,2026-05-16 20:51:00,Laptop / Hardware,P4,0
1478,1314,5,2026-05-13 16:19:00,2026-05-15 18:42:00,Login / MFA,P4,0
1479,1234,8,2026-05-13 10:57:00,2026-05-14 07:13:00,VPN,P3,0
1480,1023,8,2026-05-13 16:08:00,2026-05-15 23:18:00,VPN,P3,0
1481,1281,5,2026-05-13 15:21:00,2026-05-14 05:17:00,Access Request,P3,0
1482,1371,2,2026-05-13 17:51:00,2026-05-15 02:55:00,Login / MFA,P4,0
1483,1388,6,2026-05-13 12:09:00,2026-05-16 04:07:00,VPN,P3,0
1484,1006,1,2026-05-13 08:44:00,2026-05-14 06:44:00,Email,P3,0
1485,1168,2,2026-05-13 14:19:00,2026-05-13 17:38:00,Printer,P3,0
1486,1218,3,2026-05-13 10:05:00,2026-05-13 16:08:00,Login / MFA,P2,0
1487,1269,9,2026-05-13 17:42:00,2026-05-15 17:23:00,Software,P4,0
1488,1131,2,2026-05-14 12:39:00,2026-05-15 06:41:00,Access Request,P3,0
1489,1308,6,2026-05-14 12:07:00,2026-05-16 08:02:00,Laptop / Hardware,P4,0
1490,1262,5,2026-05-14 15:30:00,2026-05-16 07:31:00,Printer,P3,0
1491,1414,4,2026-05-14 15:16:00,2026-05-15 07:04:00,Login / MFA,P4,1
1492,1138,1,2026-05-14 14:07:00,2026-05-14 22:08:00,Access Request,P3,0
1493,1192,7,2026-05-14 17:32:00,2026-05-15 03:14:00,VPN,P2,0
1494,1326,2,2026-05-14 14:28:00,2026-05-16 15:34:00,Access Request,P4,0
1495,1111,1,2026-05-14 09:38:00,2026-05-17 15:04:00,Access Request,P4,0
1496,1104,4,2026-05-14 11:44:00,2026-05-14 21:41:00,Printer,P3,0
1497,1427,1,2026-05-14 12:13:00,2026-05-14 19:20:00,Login / MFA,P3,0
1498,1149,6,2026-05-14 08:26:00,2026-05-15 10:40:00,VPN,P3,0
1499,1388,6,2026-05-14 14:13:00,2026-05-16 17:45:00,Laptop / Hardware,P4,0
1500,1181,2,2026-05-14 09:36:00,2026-05-14 19:34:00,Access Request,P3,0
1501,1403,9,2026-05-14 15:22:00,2026-05-15 17:20:00,Software,P3,0
1502,1293,6,2026-05-15 17:10:00,2026-05-19 05:17:00,Laptop / Hardware,P4,0
1503,1078,9,2026-05-15 17:02:00,2026-05-17 02:38:00,Software,P3,0
1504,1285,6,2026-05-15 16:21:00,2026-05-16 18:21:00,VPN,P3,0
1505,1342,5,2026-05-15 13:46:00,2026-05-15 22:17:00,Email,P2,0
1506,1293,9,2026-05-15 11:50:00,2026-05-17 13:20:00,Software,P4,0
1507,1361,8,2026-05-15 09:42:00,2026-05-17 19:49:00,VPN,P4,1
1508,1262,6,2026-05-15 13:51:00,2026-05-17 04:53:00,Laptop / Hardware,P3,0
1509,1069,4,2026-05-18 12:47:00,2026-05-21 18:21:00,Login / MFA,P4,0
1510,1357,8,2026-05-18 16:22:00,2026-05-19 01:10:00,VPN,P2,0
1511,1337,7,2026-05-18 16:02:00,2026-05-19 21:18:00,VPN,P3,0
1512,1021,1,2026-05-18 17:15:00,2026-05-19 06:17:00,Login / MFA,P3,0
1513,1187,8,2026-05-18 14:36:00,2026-05-20 10:27:00,VPN,P3,0
1514,1121,2,2026-05-18 15:15:00,2026-05-20 06:33:00,Email,P3,0
1515,1238,2,2026-05-18 10:56:00,2026-05-18 17:26:00,Login / MFA,P2,0
1516,1205,6,2026-05-18 12:16:00,2026-05-18 15:25:00,Network Outage,P1,0
1517,1206,5,2026-05-18 13:58:00,2026-05-18 15:13:00,Access Request,P1,0
1518,1262,10,2026-05-18 08:49:00,2026-05-20 09:05:00,Software,P3,0
1519,1339,6,2026-05-18 16:56:00,2026-05-19 11:38:00,VPN,P3,0
1520,1388,8,2026-05-18 17:20:00,2026-05-21 20:01:00,VPN,P4,0
1521,1211,7,2026-05-18 09:33:00,2026-05-20 19:36:00,VPN,P4,0
1522,1166,2,2026-05-18 09:06:00,2026-05-19 13:20:00,Email,P4,0
1523,1371,6,2026-05-18 13:34:00,2026-05-18 16:54:00,Network Outage,P1,0
1524,1006,7,2026-05-18 14:02:00,2026-05-19 14:01:00,VPN,P3,0
1525,1339,3,2026-05-18 08:59:00,2026-05-18 19:22:00,Access Request,P3,0
1526,1023,6,2026-05-18 09:52:00,2026-05-19 23:43:00,VPN,P3,0
1527,1133,2,2026-05-18 12:13:00,2026-05-19 16:48:00,Printer,P4,0
1528,1411,9,2026-05-18 13:31:00,2026-05-19 15:11:00,Software,P4,0
1529,1138,9,2026-05-18 11:09:00,2026-05-19 18:26:00,Software,P4,0
1530,1021,7,2026-05-18 11:24:00,2026-05-19 17:39:00,VPN,P3,1
1531,1111,4,2026-05-19 11:12:00,2026-05-19 18:24:00,Login / MFA,P3,1
1532,1396,7,2026-05-19 12:15:00,2026-05-19 20:13:00,Laptop / Hardware,P2,0
1533,1197,10,2026-05-19 16:29:00,2026-05-20 12:53:00,Software,P3,0
1534,1217,6,2026-05-19 17:44:00,2026-05-20 00:42:00,Laptop / Hardware,P2,0
1535,1375,2,2026-05-19 13:38:00,2026-05-21 22:48:00,Email,P4,1
1536,1222,10,2026-05-19 13:40:00,2026-05-19 18:01:00,Software,P2,0
1537,1172,10,2026-05-19 13:31:00,2026-05-21 06:16:00,Software,P4,0
1538,1317,1,2026-05-19 15:02:00,2026-05-19 18:41:00,Login / MFA,P2,0
1539,1137,7,2026-05-19 08:15:00,2026-05-19 14:29:00,Laptop / Hardware,P2,0
1540,1069,1,2026-05-19 08:05:00,2026-05-20 00:13:00,Login / MFA,P3,0
1541,1306,9,2026-05-19 17:49:00,2026-05-20 09:02:00,Software,P3,0
1542,1215,5,2026-05-19 11:31:00,2026-05-19 19:52:00,Email,P3,0
1543,1439,3,2026-05-19 13:37:00,2026-05-20 01:35:00,Login / MFA,P3,0
1544,1229,7,2026-05-19 12:02:00,2026-05-23 03:01:00,Laptop / Hardware,P4,0
1545,1390,4,2026-05-19 15:34:00,2026-05-20 01:40:00,Access Request,P2,0
1546,1020,3,2026-05-19 12:20:00,2026-05-19 22:20:00,Printer,P3,0
1547,1006,7,2026-05-19 11:00:00,2026-05-19 18:35:00,Laptop / Hardware,P2,0
1548,1151,4,2026-05-19 15:51:00,2026-05-20 05:35:00,Access Request,P3,0
1549,1361,8,2026-05-19 14:01:00,2026-05-22 16:12:00,Laptop / Hardware,P4,0
1550,1209,9,2026-05-19 08:22:00,2026-05-20 07:16:00,Software,P3,0
1551,1257,10,2026-05-19 14:33:00,2026-05-19 23:58:00,Software,P3,0
1552,1154,3,2026-05-19 11:00:00,2026-05-20 11:47:00,Printer,P3,0
1553,1149,7,2026-05-19 10:04:00,2026-05-19 20:36:00,Network Outage,P2,0
1554,1146,7,2026-05-19 09:56:00,2026-05-19 23:14:00,VPN,P3,0
1555,1131,2,2026-05-19 10:37:00,2026-05-19 22:45:00,Access Request,P3,0
1556,1241,10,2026-05-20 13:30:00,2026-05-20 22:39:00,Software,P3,0
1557,1164,8,2026-05-20 11:54:00,2026-05-21 20:15:00,Laptop / Hardware,P4,0
1558,1357,6,2026-05-20 11:20:00,2026-05-22 06:01:00,Laptop / Hardware,P3,0
1559,1258,5,2026-05-20 15:43:00,2026-05-21 23:36:00,Email,P4,0
1560,1029,7,2026-05-20 11:39:00,2026-05-20 19:03:00,Network Outage,P2,1
1561,1388,2,2026-05-20 15:09:00,2026-05-21 00:52:00,Access Request,P3,0
1562,1239,3,2026-05-20 13:55:00,2026-05-21 12:42:00,Printer,P3,0
1563,1127,9,2026-05-20 12:19:00,2026-05-21 19:24:00,Software,P4,0
1564,1017,3,2026-05-20 12:23:00,2026-05-21 17:19:00,Email,P4,0
1565,1017,6,2026-05-20 17:31:00,2026-05-22 18:49:00,VPN,P4,0
1566,1058,4,2026-05-20 13:54:00,2026-05-22 01:21:00,Login / MFA,P4,0
1567,1117,3,2026-05-20 15:57:00,2026-05-20 21:06:00,Access Request,P1,0
1568,1224,7,2026-05-20 10:45:00,2026-05-22 19:56:00,VPN,P4,0
1569,1097,8,2026-05-20 08:08:00,2026-05-20 14:49:00,VPN,P2,0
1570,1341,10,2026-05-20 08:08:00,2026-05-20 08:44:00,Software,P1,0
1571,1224,1,2026-05-20 13:10:00,2026-05-20 13:45:00,Login / MFA,P1,0
1572,1194,2,2026-05-20 09:16:00,2026-05-20 18:28:00,Access Request,P3,0
1573,1194,6,2026-05-20 10:11:00,2026-05-21 08:58:00,Laptop / Hardware,P3,0
1574,1107,1,2026-05-20 15:12:00,2026-05-22 01:55:00,Access Request,P3,0
1575,1318,5,2026-05-21 11:11:00,2026-05-21 17:45:00,Access Request,P3,0
1576,1351,1,2026-05-21 16:29:00,2026-05-22 03:50:00,Access Request,P3,0
1577,1295,8,2026-05-21 17:26:00,2026-05-25 12:39:00,Laptop / Hardware,P4,0
1578,1202,7,2026-05-21 14:49:00,2026-05-22 23:26:00,Laptop / Hardware,P4,0
1579,1163,3,2026-05-21 11:28:00,2026-05-22 15:01:00,Printer,P4,0
1580,1024,10,2026-05-21 09:27:00,2026-05-21 10:22:00,Software,P1,0
1581,1375,3,2026-05-21 11:32:00,2026-05-22 00:31:00,Access Request,P4,0
1582,1292,2,2026-05-21 11:46:00,2026-05-21 18:30:00,Access Request,P2,0
1583,1025,3,2026-05-21 12:46:00,2026-05-22 11:07:00,Access Request,P3,0
1584,1359,7,2026-05-21 11:41:00,2026-05-22 09:42:00,Laptop / Hardware,P3,0
1585,1131,2,2026-05-21 11:09:00,2026-05-21 16:51:00,Printer,P3,0
1586,1368,8,2026-05-21 15:44:00,2026-05-22 05:16:00,Network Outage,P2,0
1587,1069,7,2026-05-21 11:21:00,2026-05-22 09:36:00,Laptop / Hardware,P4,0
1588,1006,4,2026-05-21 12:33:00,2026-05-21 17:17:00,Login / MFA,P2,0
1589,1371,5,2026-05-21 08:02:00,2026-05-21 09:41:00,Login / MFA,P1,0
1590,1388,10,2026-05-21 13:02:00,2026-05-30 23:46:00,Software,P4,0
1591,1214,7,2026-05-21 09:37:00,2026-05-24 00:16:00,Laptop / Hardware,P3,0
1592,1405,5,2026-05-21 14:59:00,2026-05-22 09:01:00,Login / MFA,P3,0
1593,1043,4,2026-05-21 10:24:00,2026-05-21 23:23:00,Login / MFA,P4,1
1594,1069,9,2026-05-21 17:33:00,2026-05-22 05:57:00,Software,P3,0
1595,1424,7,2026-05-21 14:45:00,2026-05-22 22:12:00,VPN,P3,0
1596,1130,6,2026-05-22 09:38:00,2026-05-22 20:36:00,VPN,P2,0
1597,1348,4,2026-05-22 10:51:00,2026-05-23 19:28:00,Login / MFA,P4,0
1598,1279,5,2026-05-22 08:21:00,2026-05-23 04:58:00,Email,P3,0
1599,1402,4,2026-05-22 08:26:00,2026-05-22 14:03:00,Email,P2,0
1600,1121,9,2026-05-22 08:34:00,2026-05-23 02:30:00,Software,P3,0
1601,1355,10,2026-05-22 17:09:00,2026-05-22 18:46:00,Software,P1,0
1602,1279,8,2026-05-22 11:00:00,2026-05-23 03:31:00,Laptop / Hardware,P3,0
1603,1054,4,2026-05-22 08:45:00,2026-05-22 16:55:00,Login / MFA,P2,0
1604,1110,8,2026-05-22 16:00:00,2026-05-30 14:41:00,VPN,P4,0
1605,1363,8,2026-05-22 14:08:00,2026-05-23 09:56:00,Network Outage,P2,0
1606,1192,8,2026-05-22 13:10:00,2026-05-22 18:56:00,VPN,P2,0
1607,1350,2,2026-05-25 17:22:00,2026-05-25 18:07:00,Email,P1,0
1608,1183,3,2026-05-25 14:40:00,2026-05-26 01:06:00,Access Request,P2,0
1609,1328,6,2026-05-25 15:35:00,2026-05-27 05:22:00,Laptop / Hardware,P3,0
1610,1184,8,2026-05-25 14:54:00,2026-05-28 08:33:00,Laptop / Hardware,P4,0
1611,1345,7,2026-05-25 10:21:00,2026-05-25 15:08:00,VPN,P3,0
1612,1057,10,2026-05-25 09:39:00,2026-05-25 23:17:00,Software,P3,0
1613,1426,6,2026-05-25 09:09:00,2026-05-25 23:18:00,Laptop / Hardware,P2,0
1614,1286,6,2026-05-25 11:06:00,2026-05-26 16:19:00,VPN,P3,0
1615,1146,2,2026-05-25 14:03:00,2026-05-27 06:12:00,Email,P3,0
1616,1175,6,2026-05-25 14:49:00,2026-05-26 03:24:00,Laptop / Hardware,P3,0
1617,1090,2,2026-05-25 17:07:00,2026-05-27 22:17:00,Access Request,P4,0
1618,1215,3,2026-05-25 13:12:00,2026-05-28 10:58:00,Login / MFA,P4,0
1619,1388,9,2026-05-25 11:03:00,2026-05-27 06:35:00,Software,P4,0
1620,1205,6,2026-05-25 10:05:00,2026-05-26 19:24:00,VPN,P4,0
1621,1139,5,2026-05-25 11:21:00,2026-05-26 03:11:00,Email,P4,0
1622,1202,1,2026-05-25 10:21:00,2026-05-25 11:53:00,Access Request,P2,0
1623,1176,7,2026-05-25 13:36:00,2026-05-26 09:49:00,Laptop / Hardware,P3,0
1624,1181,5,2026-05-25 14:12:00,2026-05-25 22:15:00,Login / MFA,P3,0
1625,1216,5,2026-05-25 10:16:00,2026-05-28 21:20:00,Login / MFA,P4,0
1626,1305,1,2026-05-25 14:21:00,2026-05-26 00:20:00,Access Request,P3,0
1627,1399,10,2026-05-26 12:26:00,2026-05-29 01:15:00,Software,P4,0
1628,1069,1,2026-05-26 09:30:00,2026-05-27 02:13:00,Login / MFA,P3,0
1629,1120,4,2026-05-26 08:10:00,2026-05-26 19:34:00,Login / MFA,P3,0
1630,1424,1,2026-05-26 14:41:00,2026-05-27 13:23:00,Access Request,P4,0
1631,1371,1,2026-05-26 08:49:00,2026-05-26 13:22:00,Printer,P2,0
1632,1010,8,2026-05-26 08:15:00,2026-06-01 01:44:00,VPN,P4,0
1633,1048,3,2026-05-26 17:53:00,2026-05-28 23:29:00,Printer,P4,0
1634,1265,9,2026-05-26 14:34:00,2026-05-28 02:48:00,Software,P3,0
1635,1359,10,2026-05-26 09:45:00,2026-05-26 17:37:00,Software,P3,0
1636,1427,4,2026-05-26 09:17:00,2026-05-26 11:34:00,Access Request,P2,0
1637,1061,10,2026-05-26 17:02:00,2026-05-26 23:29:00,Software,P3,0
1638,1205,10,2026-05-26 11:26:00,2026-05-26 15:52:00,Software,P1,0
1639,1424,1,2026-05-27 08:52:00,2026-05-27 11:43:00,Login / MFA,P1,0
1640,1206,7,2026-05-27 12:36:00,2026-05-27 16:38:00,Laptop / Hardware,P3,0
1641,1074,5,2026-05-27 14:22:00,2026-05-28 08:55:00,Email,P3,0
1642,1262,6,2026-05-27 11:42:00,2026-05-28 12:17:00,VPN,P3,0
1643,1240,7,2026-05-27 10:43:00,2026-05-27 13:21:00,Laptop / Hardware,P1,0
1644,1296,7,2026-05-27 17:22:00,2026-05-27 19:23:00,Network Outage,P1,0
1645,1434,6,2026-05-27 10:01:00,2026-05-28 05:48:00,VPN,P3,0
1646,1193,3,2026-05-27 16:45:00,2026-05-28 00:39:00,Login / MFA,P3,0
1647,1001,8,2026-05-27 14:26:00,2026-05-28 07:43:00,VPN,P3,0
1648,1086,2,2026-05-27 10:53:00,2026-05-27 23:27:00,Email,P3,0
1649,1172,8,2026-05-27 10:09:00,2026-05-29 11:32:00,VPN,P4,0
1650,1108,4,2026-05-27 17:54:00,2026-05-28 05:38:00,Login / MFA,P4,0
1651,1209,10,2026-05-27 11:14:00,2026-05-28 11:00:00,Software,P4,0
1652,1262,9,2026-05-27 14:00:00,2026-05-30 03:35:00,Software,P4,0
1653,1218,10,2026-05-27 09:27:00,2026-05-28 04:36:00,Software,P2,0
1654,1239,10,2026-05-28 16:45:00,2026-05-31 12:17:00,Software,P4,0
1655,1257,9,2026-05-28 08:34:00,2026-05-30 23:34:00,Software,P4,0
1656,1315,8,2026-05-28 08:24:00,2026-05-29 00:29:00,VPN,P3,0
1657,1234,3,2026-05-28 17:01:00,2026-05-29 03:22:00,Email,P4,0
1658,1022,1,2026-05-28 11:56:00,2026-05-29 21:56:00,Access Request,P4,0
1659,1242,4,2026-05-28 13:11:00,2026-05-28 18:43:00,Login / MFA,P2,0
1660,1244,3,2026-05-28 09:36:00,2026-05-29 05:43:00,Access Request,P3,0
1661,1214,9,2026-05-28 09:56:00,2026-06-01 07:35:00,Software,P4,0
1662,1069,6,2026-05-28 15:55:00,2026-06-01 22:27:00,Laptop / Hardware,P4,0
1663,1087,5,2026-05-28 10:17:00,2026-05-29 15:12:00,Access Request,P4,0
1664,1181,9,2026-05-29 16:00:00,2026-05-30 07:56:00,Software,P4,0
1665,1208,9,2026-05-29 12:44:00,2026-05-31 06:01:00,Software,P3,0
1666,1337,5,2026-05-29 16:57:00,2026-05-30 05:11:00,Email,P3,0
1667,1086,7,2026-05-29 15:44:00,2026-05-31 05:19:00,VPN,P3,0
1668,1353,5,2026-05-29 16:51:00,2026-05-30 02:35:00,Email,P3,0
1669,1295,1,2026-05-29 17:03:00,2026-05-30 11:05:00,Email,P4,1
1670,1162,6,2026-05-29 14:11:00,2026-05-31 06:46:00,VPN,P3,0
1671,1426,1,2026-05-29 14:06:00,2026-05-29 19:46:00,Login / MFA,P3,0
1672,1238,8,2026-05-29 13:32:00,2026-06-01 11:01:00,VPN,P4,0
1673,1212,3,2026-05-29 12:51:00,2026-05-29 14:01:00,Email,P1,0
1674,1216,3,2026-05-29 15:45:00,2026-05-30 01:43:00,Access Request,P3,0
1675,1141,5,2026-05-29 17:04:00,2026-05-30 05:05:00,Login / MFA,P3,0
1676,1216,5,2026-05-29 08:49:00,2026-05-29 13:59:00,Access Request,P2,0
1677,1043,4,2026-05-29 17:41:00,2026-05-31 00:43:00,Printer,P4,1
1678,1242,4,2026-05-29 13:18:00,2026-05-29 15:58:00,Login / MFA,P2,0
1679,1141,1,2026-05-29 12:37:00,2026-05-29 14:59:00,Access Request,P2,0
1680,1266,2,2026-05-29 08:49:00,2026-05-31 04:03:00,Access Request,P4,0
1681,1074,10,2026-06-01 14:14:00,2026-06-04 08:13:00,Software,P4,0
1682,1418,8,2026-06-01 17:56:00,2026-06-02 07:49:00,VPN,P2,0
1683,1186,6,2026-06-01 13:24:00,2026-06-02 10:58:00,Laptop / Hardware,P4,1
1684,1396,7,2026-06-01 10:20:00,2026-06-02 04:58:00,VPN,P3,1
1685,1125,10,2026-06-01 14:56:00,2026-06-04 22:20:00,Software,P4,0
1686,1023,5,2026-06-01 12:19:00,2026-06-01 14:07:00,Access Request,P2,0
1687,1397,7,2026-06-01 17:20:00,2026-06-02 04:14:00,Laptop / Hardware,P3,0
1688,1136,10,2026-06-01 14:24:00,2026-06-02 05:56:00,Software,P3,0
1689,1411,10,2026-06-01 12:27:00,2026-06-02 12:17:00,Software,P3,0
1690,1279,8,2026-06-01 12:56:00,2026-06-01 22:08:00,VPN,P2,0
1691,1357,10,2026-06-01 12:51:00,2026-06-02 15:40:00,Software,P3,0
1692,1136,8,2026-06-01 12:11:00,2026-06-02 18:53:00,VPN,P3,0
1693,1298,8,2026-06-01 08:38:00,2026-06-01 15:43:00,Laptop / Hardware,P3,0
1694,1352,1,2026-06-01 11:46:00,2026-06-01 14:35:00,Access Request,P3,0
1695,1281,1,2026-06-01 14:03:00,2026-06-01 17:23:00,Access Request,P2,0
1696,1405,3,2026-06-01 11:09:00,2026-06-01 23:01:00,Login / MFA,P4,0
1697,1389,8,2026-06-01 15:39:00,2026-06-01 23:57:00,Laptop / Hardware,P2,0
1698,1233,4,2026-06-01 12:58:00,2026-06-03 06:44:00,Access Request,P4,0
1699,1411,7,2026-06-01 12:59:00,2026-06-01 23:07:00,VPN,P3,0
1700,1300,1,2026-06-01 17:41:00,2026-06-02 10:31:00,Printer,P3,0
1701,1393,3,2026-06-01 15:22:00,2026-06-01 18:43:00,Login / MFA,P3,0
1702,1064,10,2026-06-01 17:28:00,2026-06-05 07:52:00,Software,P4,0
1703,1130,5,2026-06-01 12:54:00,2026-06-02 01:32:00,Login / MFA,P3,0
1704,1069,3,2026-06-01 11:41:00,2026-06-01 15:20:00,Access Request,P2,0
1705,1006,5,2026-06-01 16:32:00,2026-06-02 06:46:00,Email,P4,0
1706,1257,2,2026-06-02 10:08:00,2026-06-03 22:15:00,Login / MFA,P4,0
1707,1206,9,2026-06-02 10:05:00,2026-06-03 02:15:00,Software,P3,0
1708,1368,6,2026-06-02 08:06:00,2026-06-02 17:57:00,Laptop / Hardware,P3,0
1709,1024,6,2026-06-02 11:03:00,2026-06-04 01:47:00,Laptop / Hardware,P3,0
1710,1005,4,2026-06-02 12:48:00,2026-06-03 22:56:00,Login / MFA,P3,0
1711,1406,7,2026-06-02 13:22:00,2026-06-03 04:07:00,Network Outage,P2,0
1712,1363,1,2026-06-02 16:37:00,2026-06-03 15:25:00,Access Request,P4,0
1713,1098,7,2026-06-03 17:13:00,2026-06-04 01:17:00,VPN,P2,0
1714,1395,10,2026-06-03 13:38:00,2026-06-06 19:40:00,Software,P3,0
1715,1005,7,2026-06-03 12:02:00,2026-06-04 02:07:00,VPN,P3,0
1716,1242,6,2026-06-03 17:09:00,2026-06-04 04:16:00,VPN,P3,0
1717,1251,7,2026-06-03 08:20:00,2026-06-05 13:44:00,VPN,P4,0
1718,1331,7,2026-06-03 10:49:00,2026-06-05 13:11:00,Laptop / Hardware,P4,0
1719,1082,4,2026-06-03 16:32:00,2026-06-04 16:44:00,Access Request,P4,0
1720,1141,1,2026-06-03 16:19:00,2026-06-04 03:46:00,Email,P3,0
1721,1403,2,2026-06-03 08:16:00,2026-06-03 23:18:00,Access Request,P3,1
1722,1086,8,2026-06-03 12:59:00,2026-06-03 15:16:00,Network Outage,P1,0
1723,1130,8,2026-06-03 11:14:00,2026-06-03 12:56:00,Network Outage,P1,0
1724,1239,2,2026-06-03 15:48:00,2026-06-05 18:50:00,Access Request,P3,0
1725,1434,7,2026-06-03 16:25:00,2026-06-04 18:23:00,VPN,P3,0
1726,1138,7,2026-06-03 14:59:00,2026-06-03 22:52:00,VPN,P3,0
1727,1229,6,2026-06-04 15:13:00,2026-06-04 18:49:00,Network Outage,P2,0
1728,1134,10,2026-06-04 16:27:00,2026-06-08 21:06:00,Software,P4,0
1729,1171,3,2026-06-04 16:48:00,2026-06-05 04:51:00,Access Request,P3,0
1730,1262,1,2026-06-04 15:29:00,2026-06-05 06:29:00,Printer,P3,0
1731,1312,3,2026-06-04 09:16:00,2026-06-06 12:28:00,Access Request,P4,0
1732,1305,7,2026-06-04 09:59:00,2026-06-04 19:21:00,Network Outage,P2,0
1733,1271,10,2026-06-04 16:03:00,2026-06-05 22:38:00,Software,P3,1
1734,1064,1,2026-06-04 16:52:00,2026-06-05 17:50:00,Access Request,P4,0
1735,1279,9,2026-06-04 17:13:00,2026-06-05 14:31:00,Software,P4,0
1736,1091,6,2026-06-04 08:40:00,2026-06-07 22:00:00,Laptop / Hardware,P4,0
1737,1366,7,2026-06-04 13:59:00,2026-06-04 18:57:00,VPN,P2,0
1738,1388,7,2026-06-04 15:52:00,2026-06-06 04:09:00,Network Outage,P3,0
1739,1123,9,2026-06-04 08:42:00,2026-06-04 15:57:00,Software,P3,0
1740,1211,8,2026-06-05 13:26:00,2026-06-06 12:13:00,VPN,P3,0
1741,1056,8,2026-06-05 09:03:00,2026-06-08 11:44:00,VPN,P3,0
1742,1367,8,2026-06-05 14:32:00,2026-06-06 12:25:00,Laptop / Hardware,P2,0
1743,1171,4,2026-06-05 15:01:00,2026-06-07 12:12:00,Login / MFA,P4,0
1744,1095,3,2026-06-05 13:38:00,2026-06-05 22:36:00,Printer,P4,0
1745,1074,7,2026-06-05 15:36:00,2026-06-06 06:44:00,VPN,P2,0
1746,1074,2,2026-06-05 12:42:00,2026-06-05 14:09:00,Email,P1,0
1747,1338,2,2026-06-05 09:43:00,2026-06-05 15:16:00,Email,P3,0
1748,1151,8,2026-06-05 14:15:00,2026-06-07 06:08:00,Laptop / Hardware,P4,0
1749,1242,6,2026-06-05 08:06:00,2026-06-06 01:29:00,Network Outage,P2,0
1750,1145,6,2026-06-05 15:47:00,2026-06-07 00:54:00,Laptop / Hardware,P3,0
1751,1405,1,2026-06-05 12:18:00,2026-06-06 01:54:00,Access Request,P4,0
1752,1216,6,2026-06-05 11:04:00,2026-06-05 18:12:00,VPN,P1,0
1753,1200,3,2026-06-05 13:30:00,2026-06-06 10:55:00,Login / MFA,P3,0
1754,1411,7,2026-06-05 11:09:00,2026-06-05 17:07:00,VPN,P2,0
1755,1351,8,2026-06-05 16:00:00,2026-06-06 00:13:00,Laptop / Hardware,P2,0
1756,1428,7,2026-06-05 17:52:00,2026-06-06 20:33:00,Laptop / Hardware,P3,0
1757,1335,4,2026-06-05 12:16:00,2026-06-06 23:32:00,Access Request,P4,0
1758,1095,6,2026-06-05 16:53:00,2026-06-08 03:36:00,VPN,P4,0
1759,1200,8,2026-06-05 13:50:00,2026-06-05 15:11:00,VPN,P1,0
1760,1341,9,2026-06-05 14:11:00,2026-06-07 14:33:00,Software,P4,0
1761,1228,3,2026-06-08 08:20:00,2026-06-08 21:12:00,Login / MFA,P3,0
1762,1192,7,2026-06-08 11:14:00,2026-06-09 05:38:00,VPN,P4,0
1763,1319,3,2026-06-08 11:00:00,2026-06-09 01:37:00,Printer,P3,0
1764,1307,8,2026-06-08 09:54:00,2026-06-09 05:06:00,Network Outage,P2,0
1765,1167,9,2026-06-08 15:58:00,2026-06-09 05:02:00,Software,P4,0
1766,1119,9,2026-06-08 12:49:00,2026-06-08 20:29:00,Software,P3,0
1767,1259,4,2026-06-08 09:51:00,2026-06-08 11:59:00,Login / MFA,P2,1
1768,1406,1,2026-06-08 09:28:00,2026-06-09 16:28:00,Login / MFA,P3,0
1769,1168,2,2026-06-08 08:35:00,2026-06-08 15:55:00,Login / MFA,P4,0
1770,1210,9,2026-06-08 10:09:00,2026-06-09 12:07:00,Software,P4,0
1771,1107,5,2026-06-08 12:09:00,2026-06-08 23:22:00,Email,P3,0
1772,1384,10,2026-06-08 17:44:00,2026-06-09 09:21:00,Software,P4,0
1773,1021,8,2026-06-08 12:48:00,2026-06-10 08:30:00,VPN,P3,0
1774,1155,8,2026-06-08 12:35:00,2026-06-13 08:33:00,Laptop / Hardware,P4,0
1775,1038,3,2026-06-08 11:47:00,2026-06-08 20:47:00,Email,P3,0
1776,1189,10,2026-06-08 10:53:00,2026-06-12 20:13:00,Software,P4,0
1777,1242,9,2026-06-08 14:18:00,2026-06-08 20:06:00,Software,P2,0
1778,1051,6,2026-06-08 15:47:00,2026-06-11 22:18:00,Laptop / Hardware,P4,0
1779,1276,5,2026-06-08 17:20:00,2026-06-09 13:22:00,Printer,P3,0
1780,1119,8,2026-06-08 11:40:00,2026-06-08 14:14:00,VPN,P2,0
1781,1090,6,2026-06-08 09:32:00,2026-06-09 12:48:00,VPN,P3,0
1782,1141,1,2026-06-08 16:45:00,2026-06-09 07:31:00,Access Request,P3,1
1783,1406,1,2026-06-08 12:34:00,2026-06-09 04:30:00,Access Request,P4,0
1784,1381,2,2026-06-08 08:25:00,2026-06-09 00:49:00,Printer,P4,0
1785,1131,9,2026-06-08 09:56:00,2026-06-08 19:28:00,Software,P3,0
1786,1008,9,2026-06-08 11:27:00,2026-06-10 10:46:00,Software,P4,0
1787,1017,3,2026-06-09 11:38:00,2026-06-09 14:54:00,Printer,P2,0
1788,1130,4,2026-06-09 10:04:00,2026-06-09 19:44:00,Access Request,P3,1
1789,1060,5,2026-06-09 16:10:00,2026-06-09 22:36:00,Email,P4,0
1790,1074,5,2026-06-09 09:58:00,2026-06-10 05:51:00,Email,P3,0
1791,1169,7,2026-06-09 14:51:00,2026-06-09 21:40:00,VPN,P3,0
1792,1146,4,2026-06-09 11:44:00,2026-06-10 19:33:00,Printer,P3,0
1793,1120,4,2026-06-09 12:40:00,2026-06-09 15:13:00,Access Request,P2,0
1794,1082,3,2026-06-09 17:03:00,2026-06-10 08:59:00,Printer,P4,0
1795,1243,4,2026-06-09 10:07:00,2026-06-09 20:54:00,Printer,P4,0
1796,1221,10,2026-06-09 14:04:00,2026-06-10 00:38:00,Software,P3,0
1797,1164,10,2026-06-09 15:04:00,2026-06-10 12:51:00,Software,P4,0
1798,1086,4,2026-06-09 13:40:00,2026-06-09 23:13:00,Access Request,P4,1
1799,1260,7,2026-06-10 16:45:00,2026-06-11 06:45:00,Laptop / Hardware,P3,0
1800,1274,5,2026-06-10 16:17:00,2026-06-10 23:56:00,Login / MFA,P3,0
1801,1154,9,2026-06-10 11:56:00,2026-06-10 22:41:00,Software,P3,0
1802,1080,7,2026-06-10 17:34:00,2026-06-12 20:58:00,Laptop / Hardware,P3,0
1803,1215,1,2026-06-10 09:47:00,2026-06-11 18:04:00,Login / MFA,P3,0
1804,1071,6,2026-06-10 10:43:00,2026-06-11 01:45:00,VPN,P2,0
1805,1157,2,2026-06-10 13:11:00,2026-06-10 18:57:00,Printer,P3,1
1806,1293,6,2026-06-10 11:24:00,2026-06-11 03:04:00,VPN,P4,0
1807,1009,2,2026-06-10 14:40:00,2026-06-10 22:56:00,Login / MFA,P3,0
1808,1407,4,2026-06-10 15:18:00,2026-06-10 21:02:00,Login / MFA,P3,1
1809,1383,6,2026-06-10 11:08:00,2026-06-10 21:15:00,VPN,P2,0
1810,1151,8,2026-06-10 16:40:00,2026-06-11 15:02:00,VPN,P3,0
1811,1353,9,2026-06-10 15:40:00,2026-06-11 06:43:00,Software,P3,0
1812,1351,8,2026-06-10 15:59:00,2026-06-12 02:42:00,VPN,P4,0
1813,1295,10,2026-06-10 09:29:00,2026-06-10 19:48:00,Software,P3,0
1814,1176,4,2026-06-10 12:47:00,2026-06-11 07:35:00,Email,P3,0
1815,1239,5,2026-06-11 08:21:00,2026-06-11 23:40:00,Login / MFA,P3,0
1816,1349,9,2026-06-11 12:24:00,2026-06-13 19:30:00,Software,P4,0
1817,1381,5,2026-06-11 14:30:00,2026-06-12 08:07:00,Access Request,P4,1
1818,1414,10,2026-06-11 15:01:00,2026-06-12 01:11:00,Software,P3,0
1819,1129,10,2026-06-11 11:57:00,2026-06-11 18:54:00,Software,P2,0
1820,1048,6,2026-06-11 11:54:00,2026-06-12 19:59:00,Laptop / Hardware,P3,0
1821,1007,5,2026-06-11 17:31:00,2026-06-12 02:28:00,Email,P3,0
1822,1070,3,2026-06-11 14:30:00,2026-06-11 19:34:00,Access Request,P3,0
1823,1299,8,2026-06-11 08:52:00,2026-06-12 18:06:00,Laptop / Hardware,P4,0
1824,1086,9,2026-06-11 08:38:00,2026-06-11 16:26:00,Software,P2,0
1825,1335,5,2026-06-11 14:48:00,2026-06-13 18:12:00,Login / MFA,P4,0
1826,1021,10,2026-06-11 15:50:00,2026-06-12 13:41:00,Software,P2,0
1827,1339,10,2026-06-11 14:45:00,2026-06-12 13:06:00,Software,P4,0
1828,1172,2,2026-06-11 17:24:00,2026-06-11 23:44:00,Printer,P3,0
1829,1072,3,2026-06-11 15:27:00,2026-06-11 21:16:00,Access Request,P1,0
1830,1242,3,2026-06-11 09:33:00,2026-06-12 07:24:00,Email,P4,0
1831,1325,7,2026-06-11 13:18:00,2026-06-12 15:43:00,VPN,P4,1
1832,1001,10,2026-06-12 13:10:00,2026-06-13 01:53:00,Software,P3,1
1833,1069,8,2026-06-12 10:54:00,2026-06-12 22:32:00,Laptop / Hardware,P2,0
1834,1059,1,2026-06-12 11:00:00,2026-06-12 21:19:00,Email,P3,0
1835,1262,4,2026-06-12 17:52:00,2026-06-13 00:02:00,Printer,P3,1
1836,1334,1,2026-06-12 16:52:00,2026-06-13 03:52:00,Email,P3,0
1837,1151,7,2026-06-12 12:51:00,2026-06-13 11:53:00,VPN,P3,0
1838,1262,3,2026-06-12 10:56:00,2026-06-13 16:50:00,Login / MFA,P4,0
1839,1229,10,2026-06-12 15:20:00,2026-06-14 01:58:00,Software,P3,1
1840,1368,9,2026-06-12 09:55:00,2026-06-13 22:30:00,Software,P4,0
1841,1104,5,2026-06-12 15:15:00,2026-06-13 16:06:00,Email,P4,0
1842,1059,7,2026-06-12 15:34:00,2026-06-12 23:16:00,Network Outage,P2,1
1843,1173,3,2026-06-12 14:01:00,2026-06-13 09:01:00,Access Request,P3,0
1844,1357,3,2026-06-12 15:54:00,2026-06-13 20:29:00,Access Request,P3,0
1845,1114,4,2026-06-12 13:04:00,2026-06-13 03:16:00,Login / MFA,P3,0
1846,1351,9,2026-06-12 13:31:00,2026-06-14 22:52:00,Software,P3,0
1847,1038,6,2026-06-12 10:08:00,2026-06-14 16:42:00,VPN,P4,0
1848,1369,4,2026-06-12 10:37:00,2026-06-12 18:30:00,Access Request,P3,1
1849,1193,5,2026-06-12 15:03:00,2026-06-13 02:07:00,Login / MFA,P3,0
1850,1356,5,2026-06-12 14:08:00,2026-06-12 18:56:00,Access Request,P3,0
1851,1149,8,2026-06-15 13:16:00,2026-06-18 06:11:00,VPN,P4,0
1852,1228,5,2026-06-15 13:50:00,2026-06-16 01:44:00,Email,P3,0
1853,1229,7,2026-06-15 13:43:00,2026-06-15 22:55:00,Network Outage,P2,0
1854,1106,9,2026-06-15 15:01:00,2026-06-15 20:07:00,Software,P2,0
1855,1133,9,2026-06-15 13:58:00,2026-06-15 18:20:00,Software,P2,0
1856,1424,5,2026-06-15 14:54:00,2026-06-15 16:55:00,Login / MFA,P3,0
1857,1007,5,2026-06-15 12:56:00,2026-06-16 01:16:00,Email,P3,1
1858,1168,4,2026-06-15 16:06:00,2026-06-15 19:49:00,Access Request,P3,0
1859,1364,10,2026-06-15 13:10:00,2026-06-17 12:12:00,Software,P4,0
1860,1281,8,2026-06-15 09:51:00,2026-06-16 00:34:00,Network Outage,P2,0
1861,1237,4,2026-06-15 17:58:00,2026-06-16 16:25:00,Printer,P3,0
1862,1072,9,2026-06-15 08:29:00,2026-06-16 15:43:00,Software,P3,0
1863,1388,7,2026-06-16 14:18:00,2026-06-17 23:48:00,VPN,P4,0
1864,1274,10,2026-06-16 09:45:00,2026-06-18 14:57:00,Software,P4,0
1865,1424,4,2026-06-16 08:04:00,2026-06-16 12:18:00,Email,P2,0
1866,1209,4,2026-06-16 12:52:00,2026-06-16 20:43:00,Access Request,P3,0
1867,1123,4,2026-06-16 09:27:00,2026-06-17 04:18:00,Email,P3,0
1868,1020,7,2026-06-16 17:40:00,2026-06-17 07:27:00,Laptop / Hardware,P2,0
1869,1229,3,2026-06-16 13:27:00,2026-06-17 06:41:00,Login / MFA,P3,0
1870,1338,9,2026-06-16 09:19:00,2026-06-17 23:30:00,Software,P4,0
1871,1405,9,2026-06-16 13:42:00,2026-06-17 22:32:00,Software,P4,0
1872,1157,7,2026-06-16 11:33:00,2026-06-16 21:12:00,Laptop / Hardware,P2,0
1873,1123,3,2026-06-16 08:07:00,2026-06-16 14:40:00,Email,P3,0
1874,1130,8,2026-06-17 17:54:00,2026-06-18 07:35:00,Laptop / Hardware,P2,0
1875,1022,1,2026-06-17 13:25:00,2026-06-17 21:15:00,Email,P2,0
1876,1262,6,2026-06-17 17:15:00,2026-06-20 05:47:00,VPN,P4,0
1877,1126,7,2026-06-17 16:35:00,2026-06-17 19:17:00,VPN,P1,0
1878,1315,7,2026-06-17 12:35:00,2026-06-19 06:46:00,Network Outage,P3,0
1879,1134,8,2026-06-17 14:22:00,2026-06-18 13:13:00,VPN,P3,0
1880,1164,8,2026-06-17 16:30:00,2026-06-18 06:10:00,Laptop / Hardware,P3,0
1881,1388,1,2026-06-17 15:59:00,2026-06-18 08:33:00,Login / MFA,P4,0
1882,1052,6,2026-06-17 14:45:00,2026-06-18 13:34:00,Laptop / Hardware,P3,0
1883,1120,1,2026-06-17 08:20:00,2026-06-17 23:06:00,Access Request,P4,0
1884,1286,2,2026-06-17 16:12:00,2026-06-18 06:26:00,Access Request,P4,0
1885,1180,3,2026-06-17 08:36:00,2026-06-18 18:50:00,Access Request,P3,0
1886,1374,5,2026-06-17 12:50:00,2026-06-18 08:10:00,Access Request,P4,0
1887,1057,7,2026-06-17 10:14:00,2026-06-18 02:36:00,Network Outage,P2,0
1888,1005,2,2026-06-17 08:40:00,2026-06-17 12:01:00,Login / MFA,P2,0
1889,1343,7,2026-06-17 11:41:00,2026-06-20 02:29:00,Laptop / Hardware,P3,0
1890,1072,4,2026-06-17 10:59:00,2026-06-18 16:39:00,Email,P3,0
1891,1051,8,2026-06-18 14:25:00,2026-06-19 00:57:00,Laptop / Hardware,P3,0
1892,1434,4,2026-06-18 13:14:00,2026-06-19 19:06:00,Printer,P3,0
1893,1234,9,2026-06-18 16:25:00,2026-06-19 12:36:00,Software,P3,0
1894,1026,4,2026-06-18 10:02:00,2026-06-18 18:10:00,Access Request,P3,0
1895,1059,9,2026-06-18 11:58:00,2026-06-18 20:38:00,Software,P3,0
1896,1262,5,2026-06-18 14:10:00,2026-06-18 18:01:00,Login / MFA,P3,0
1897,1281,7,2026-06-18 14:13:00,2026-06-22 04:48:00,Laptop / Hardware,P4,1
1898,1152,7,2026-06-18 15:35:00,2026-06-20 12:37:00,VPN,P4,0
1899,1193,4,2026-06-18 10:05:00,2026-06-18 19:48:00,Access Request,P3,0
1900,1348,4,2026-06-18 17:54:00,2026-06-19 20:59:00,Access Request,P4,1
1901,1339,2,2026-06-18 10:24:00,2026-06-19 03:52:00,Email,P3,0
1902,1329,6,2026-06-18 08:05:00,2026-06-19 09:20:00,VPN,P3,1
1903,1305,3,2026-06-19 17:06:00,2026-06-20 06:01:00,Login / MFA,P3,0
1904,1185,9,2026-06-19 12:50:00,2026-06-21 08:27:00,Software,P4,0
1905,1214,7,2026-06-19 14:33:00,2026-06-20 18:51:00,VPN,P3,0
1906,1239,4,2026-06-19 17:32:00,2026-06-20 13:47:00,Email,P3,0
1907,1067,2,2026-06-19 14:05:00,2026-06-20 01:54:00,Printer,P3,0
1908,1157,4,2026-06-19 13:38:00,2026-06-20 08:05:00,Access Request,P4,0
1909,1359,6,2026-06-19 15:08:00,2026-06-20 01:55:00,VPN,P3,0
1910,1434,7,2026-06-19 15:27:00,2026-06-25 19:11:00,VPN,P4,0
1911,1207,8,2026-06-19 11:49:00,2026-06-20 01:11:00,VPN,P3,0
1912,1133,1,2026-06-19 10:54:00,2026-06-19 19:10:00,Login / MFA,P3,0
1913,1368,5,2026-06-19 17:45:00,2026-06-20 00:08:00,Email,P3,0
1914,1229,6,2026-06-19 13:50:00,2026-06-20 07:02:00,Laptop / Hardware,P3,0
1915,1013,6,2026-06-19 08:20:00,2026-06-20 01:46:00,Laptop / Hardware,P3,0
1916,1073,8,2026-06-19 10:00:00,2026-06-24 14:24:00,Laptop / Hardware,P4,0
1917,1262,10,2026-06-19 16:22:00,2026-06-20 00:17:00,Software,P2,0
1918,1189,7,2026-06-22 17:18:00,2026-06-23 13:47:00,VPN,P2,0
1919,1012,3,2026-06-22 16:21:00,2026-06-23 06:55:00,Access Request,P3,0
1920,1136,9,2026-06-22 12:51:00,2026-06-22 14:39:00,Software,P1,0
1921,1242,3,2026-06-22 09:47:00,2026-06-23 00:27:00,Access Request,P3,0
1922,1029,6,2026-06-22 10:27:00,2026-06-23 23:02:00,VPN,P3,0
1923,1193,3,2026-06-22 12:14:00,2026-06-22 14:06:00,Printer,P2,0
1924,1208,4,2026-06-22 17:51:00,2026-06-22 23:12:00,Email,P2,0
1925,1010,10,2026-06-22 13:51:00,2026-06-22 14:36:00,Software,P1,0
1926,1092,4,2026-06-22 15:28:00,2026-06-23 16:54:00,Access Request,P3,0
1927,1018,6,2026-06-22 11:25:00,2026-06-23 06:33:00,Laptop / Hardware,P3,0
1928,1221,9,2026-06-22 08:10:00,2026-06-22 15:26:00,Software,P2,0
1929,1263,6,2026-06-22 16:42:00,2026-06-23 12:48:00,VPN,P3,0
1930,1001,5,2026-06-22 12:08:00,2026-06-22 21:59:00,Access Request,P3,0
1931,1241,3,2026-06-22 09:04:00,2026-06-22 19:30:00,Email,P3,0
1932,1374,8,2026-06-22 08:39:00,2026-06-24 09:21:00,VPN,P3,0
1933,1018,3,2026-06-22 10:37:00,2026-06-22 14:27:00,Access Request,P2,0
1934,1243,5,2026-06-22 10:18:00,2026-06-22 22:50:00,Printer,P3,0
1935,1005,7,2026-06-23 15:54:00,2026-06-23 19:49:00,Laptop / Hardware,P1,0
1936,1023,4,2026-06-23 09:53:00,2026-06-24 02:14:00,Access Request,P3,0
1937,1197,9,2026-06-23 14:32:00,2026-06-24 02:24:00,Software,P3,0
1938,1074,3,2026-06-23 16:47:00,2026-06-24 11:48:00,Printer,P4,0
1939,1023,5,2026-06-23 16:01:00,2026-06-24 08:15:00,Email,P3,0
1940,1332,7,2026-06-23 09:30:00,2026-06-23 21:02:00,Network Outage,P2,0
1941,1335,8,2026-06-23 14:20:00,2026-06-24 10:37:00,VPN,P3,0
1942,1412,7,2026-06-23 12:16:00,2026-06-24 00:23:00,VPN,P3,0
1943,1348,6,2026-06-23 10:41:00,2026-06-24 08:12:00,Laptop / Hardware,P3,0
1944,1414,2,2026-06-23 11:48:00,2026-06-24 09:38:00,Email,P4,0
1945,1272,8,2026-06-23 12:41:00,2026-06-23 15:36:00,VPN,P1,0
1946,1225,1,2026-06-23 10:25:00,2026-06-23 20:32:00,Email,P2,0
1947,1179,9,2026-06-23 17:24:00,2026-06-24 13:20:00,Software,P3,0
1948,1004,3,2026-06-24 09:45:00,2026-06-25 12:24:00,Login / MFA,P3,0
1949,1129,6,2026-06-24 09:29:00,2026-06-24 21:52:00,Network Outage,P2,0
1950,1425,7,2026-06-24 16:06:00,2026-07-02 05:20:00,VPN,P4,0
1951,1024,5,2026-06-24 08:43:00,2026-06-26 10:11:00,Login / MFA,P3,0
1952,1006,8,2026-06-24 12:07:00,2026-06-24 14:57:00,Network Outage,P2,0
1953,1403,7,2026-06-24 17:22:00,2026-06-26 14:20:00,Laptop / Hardware,P3,0
1954,1064,9,2026-06-24 16:38:00,2026-06-25 09:30:00,Software,P3,0
1955,1138,2,2026-06-24 10:16:00,2026-06-25 08:49:00,Login / MFA,P4,0
1956,1374,2,2026-06-24 16:38:00,2026-06-25 13:17:00,Printer,P4,0
1957,1175,6,2026-06-24 13:24:00,2026-06-29 07:10:00,Laptop / Hardware,P4,0
1958,1018,3,2026-06-24 08:53:00,2026-06-24 17:21:00,Login / MFA,P3,0
1959,1179,7,2026-06-24 13:56:00,2026-06-24 17:33:00,Network Outage,P1,0
1960,1310,4,2026-06-24 10:16:00,2026-06-24 22:36:00,Login / MFA,P3,0
1961,1072,8,2026-06-24 16:35:00,2026-06-24 21:52:00,VPN,P2,0
1962,1121,9,2026-06-24 13:56:00,2026-06-25 21:04:00,Software,P3,0
1963,1145,4,2026-06-24 16:26:00,2026-06-25 04:33:00,Access Request,P3,0
1964,1003,2,2026-06-24 12:28:00,2026-06-25 13:12:00,Login / MFA,P4,0
1965,1289,6,2026-06-24 12:51:00,2026-06-26 10:51:00,Laptop / Hardware,P4,0
1966,1201,4,2026-06-25 12:33:00,2026-06-26 00:58:00,Access Request,P3,0
1967,1043,9,2026-06-25 09:14:00,2026-06-26 05:13:00,Software,P4,0
1968,1312,10,2026-06-25 08:51:00,2026-06-26 05:45:00,Software,P3,0
1969,1406,2,2026-06-25 10:36:00,2026-06-25 15:56:00,Login / MFA,P2,0
1970,1282,3,2026-06-25 16:23:00,2026-06-25 19:00:00,Email,P3,0
1971,1407,3,2026-06-25 15:30:00,2026-06-26 00:11:00,Access Request,P3,0
1972,1205,1,2026-06-25 14:34:00,2026-06-25 17:16:00,Access Request,P2,0
1973,1089,7,2026-06-25 13:37:00,2026-06-25 20:25:00,Laptop / Hardware,P2,0
1974,1145,8,2026-06-25 14:07:00,2026-06-27 13:11:00,VPN,P3,0
1975,1345,6,2026-06-25 12:59:00,2026-06-26 09:05:00,VPN,P3,0
1976,1410,3,2026-06-25 14:12:00,2026-06-25 18:47:00,Login / MFA,P3,0
1977,1123,9,2026-06-25 09:20:00,2026-06-26 00:28:00,Software,P3,0
1978,1357,3,2026-06-25 11:05:00,2026-06-26 00:07:00,Email,P3,0
1979,1335,5,2026-06-25 14:51:00,2026-06-25 16:32:00,Login / MFA,P2,0
1980,1096,5,2026-06-25 12:27:00,2026-06-25 19:50:00,Access Request,P2,0
1981,1214,8,2026-06-26 13:53:00,2026-06-26 15:48:00,VPN,P2,0
1982,1155,3,2026-06-26 16:05:00,2026-06-27 10:36:00,Email,P4,0
1983,1205,2,2026-06-26 13:34:00,2026-06-27 01:30:00,Access Request,P3,0
1984,1084,8,2026-06-26 15:59:00,2026-07-12 01:30:00,VPN,P4,0
1985,1307,9,2026-06-26 08:35:00,2026-06-26 22:13:00,Software,P3,1
1986,1081,2,2026-06-26 12:10:00,2026-06-27 00:51:00,Printer,P4,0
1987,1209,7,2026-06-26 14:32:00,2026-06-28 07:06:00,Laptop / Hardware,P3,0
1988,1039,6,2026-06-26 15:48:00,2026-06-27 20:57:00,Laptop / Hardware,P3,0
1989,1308,7,2026-06-26 17:22:00,2026-06-27 10:04:00,Network Outage,P3,0
1990,1155,7,2026-06-26 12:01:00,2026-06-26 13:12:00,Network Outage,P1,0
1991,1341,4,2026-06-26 12:35:00,2026-06-26 18:56:00,Printer,P2,0
1992,1074,2,2026-06-26 10:44:00,2026-06-26 17:55:00,Access Request,P3,0
1993,1209,1,2026-06-26 16:36:00,2026-06-26 23:00:00,Login / MFA,P3,0
1994,1381,3,2026-06-26 12:05:00,2026-06-26 19:29:00,Login / MFA,P3,0
1995,1310,3,2026-06-26 16:52:00,2026-06-26 20:44:00,Login / MFA,P2,0
1996,1087,4,2026-06-29 08:34:00,2026-06-30 02:47:00,Access Request,P4,0
1997,1023,4,2026-06-29 12:41:00,2026-06-30 04:45:00,Access Request,P4,0
1998,1413,4,2026-06-29 16:47:00,2026-06-30 20:53:00,Login / MFA,P4,0
1999,1141,7,2026-06-29 13:03:00,2026-06-30 22:20:00,VPN,P4,1
2000,1131,8,2026-06-29 08:08:00,2026-07-01 01:34:00,VPN,P4,0
2001,1185,7,2026-06-29 09:31:00,2026-06-29 15:26:00,VPN,P3,0
2002,1104,8,2026-06-29 16:58:00,2026-07-01 17:22:00,VPN,P4,0
2003,1396,7,2026-06-29 09:18:00,2026-07-02 09:01:00,VPN,P4,1
2004,1130,7,2026-06-29 15:43:00,2026-07-01 02:38:00,VPN,P4,0
2005,1018,10,2026-06-29 10:58:00,2026-06-30 21:26:00,Software,P4,0
2006,1365,4,2026-06-29 12:31:00,2026-06-29 18:18:00,Login / MFA,P3,0
2007,1309,8,2026-06-29 17:37:00,2026-07-01 00:33:00,VPN,P4,0
2008,1082,8,2026-06-29 09:08:00,2026-07-01 08:14:00,VPN,P3,0
2009,1164,6,2026-06-29 13:21:00,2026-07-01 20:22:00,Laptop / Hardware,P4,0
2010,1072,7,2026-06-29 09:17:00,2026-06-29 19:08:00,VPN,P3,0
2011,1388,6,2026-06-29 17:47:00,2026-06-30 06:30:00,VPN,P3,0
2012,1396,3,2026-06-29 16:08:00,2026-06-30 10:03:00,Printer,P3,0
2013,1021,1,2026-06-29 09:24:00,2026-06-29 23:40:00,Login / MFA,P4,0
2014,1095,1,2026-06-29 17:38:00,2026-06-30 07:25:00,Email,P4,0
2015,1177,8,2026-06-29 08:19:00,2026-06-29 21:29:00,Network Outage,P1,0
2016,1259,3,2026-06-29 14:03:00,2026-06-29 18:49:00,Email,P3,0
2017,1344,2,2026-06-30 11:01:00,2026-06-30 18:03:00,Email,P2,0
2018,1379,9,2026-06-30 08:09:00,2026-06-30 21:02:00,Software,P3,0
2019,1164,9,2026-06-30 12:33:00,2026-06-30 19:01:00,Software,P3,0
2020,1342,9,2026-06-30 17:28:00,2026-07-01 22:38:00,Software,P4,0
2021,1026,9,2026-06-30 11:10:00,2026-06-30 20:39:00,Software,P3,0
2022,1295,4,2026-06-30 08:44:00,2026-06-30 12:27:00,Printer,P2,0
2023,1427,8,2026-06-30 09:39:00,2026-07-02 01:39:00,Laptop / Hardware,P4,0
2024,1326,2,2026-06-30 14:04:00,2026-07-01 16:43:00,Email,P4,0
2025,1123,6,2026-06-30 10:45:00,2026-06-30 13:19:00,Network Outage,P1,1
2026,1173,3,2026-06-30 11:52:00,2026-07-01 08:10:00,Access Request,P4,0
2027,1279,10,2026-06-30 17:47:00,2026-07-01 09:18:00,Software,P2,0
2028,1194,6,2026-06-30 14:50:00,2026-06-30 17:03:00,Laptop / Hardware,P1,0
2029,1436,4,2026-06-30 12:21:00,2026-06-30 23:36:00,Login / MFA,P4,0
2030,1339,9,2026-06-30 11:35:00,2026-07-06 23:03:00,Software,P4,0
2031,1192,6,2026-06-30 15:16:00,2026-06-30 20:31:00,VPN,P2,0
